Name,Country,Type,Lat,Lon,Altitude
Abu,Honshu-Japan,Shield volcanoes,34.5,131.6,641
Acamarachi,Chile-N,Stratovolcano,-23.3,-67.62,6046
Acatenango,Guatemala,Stratovolcano,14.5,-90.88,3976
Acigol-Nevsehir,Turkey,Caldera,38.57,34.52,1689
Adams,US-Washington,Stratovolcano,46.21,-121.49,3742
Adams Seamount,Pacific-C,Submarine volcano,-25.37,-129.27,-39
Adatara,Honshu-Japan,Stratovolcanoes,37.64,140.29,1718
Adwa,Ethiopia,Stratovolcano,10.07,40.84,1733
Afder,Ethiopia,Stratovolcano,13.08,40.85,1295
Agrigan,Mariana Is-C Pacific,Stratovolcano,18.77,145.67,965
Agua,Guatemala,Stratovolcano,14.47,-90.74,3760
Agua de Pau,Azores,Stratovolcano,37.77,-25.47,947
Aguilera,Chile-S,Stratovolcano,-50.33,-73.75,2546
Agung,Lesser Sunda Is,Stratovolcano,-8.34,115.51,3142
Ahyi,Mariana Is-C Pacific,Submarine volcano,20.42,145.03,-137
Akademia Nauk,Kamchatka,Stratovolcanoes,53.98,159.45,1180
Akagi,Honshu-Japan,Stratovolcano,36.56,139.2,1828
Akan,Hokkaido-Japan,Caldera,43.38,144.01,1499
Akhtang,Kamchatka,Shield volcano,55.43,158.65,1956
Akita-Komaga-take,Honshu-Japan,Stratovolcanoes,39.76,140.8,1637
Akita-Yake-yama,Honshu-Japan,Stratovolcano,39.96,140.76,1366
Akuseki-jima,Ryukyu Is,Stratovolcanoes,29.46,129.6,584
Akutan,Aleutian Is,Stratovolcano,54.13,-165.99,1303
Alaid,Kuril Is,Stratovolcano,50.86,155.55,2339
Alamagan,Mariana Is-C Pacific,Stratovolcano,17.6,145.83,744
Alayta,Ethiopia,Shield volcano,12.88,40.57,1501
Alban Hills,Italy,Caldera,41.73,12.7,949
Alcedo,Galapagos,Shield volcano,-0.43,-91.12,1130
Ale Bagu,Ethiopia,Stratovolcano,13.52,40.63,1031
Alid,Ethiopia,Stratovolcano,14.88,39.92,904
Alligator Lake,Canada,Volcanic field,60.42,-135.42,2217
Almolonga,Guatemala,Stratovolcano,14.82,-91.48,3197
Alney-Chashakondzha,Kamchatka,Stratovolcano,56.7,159.65,2598
Alngey,Kamchatka,Stratovolcano,57.7,160.4,1853
Alu,Ethiopia,Fissure vents,13.82,40.55,429
Alutu,Ethiopia,Stratovolcano,7.77,38.78,2335
Amak,Aleutian Is,Stratovolcano,55.42,-163.15,488
Amasing,Halmahera-Indonesia,Stratovolcanoes,-0.53,127.48,1030
Ambalatungan Group,Luzon-Philippines,Compound volcano,17.32,121.1,2329
Ambang,Sulawesi-Indonesia,Complex volcano,0.75,124.42,1795
Ambitle,New Ireland-SW Pacific,Stratovolcano,-4.08,153.65,450
Ambre-Bobaomby,Madagascar,Volcanic field,-12.6,49.15,1475
Ambrym,Vanuatu-SW Pacific,Pyroclastic shield,-16.25,168.12,1334
Amorong,Luzon-Philippines,Lava domes,15.83,120.81,376
Amsterdam Island,Indian O.-S,Stratovolcano,-37.83,77.52,881
Amukta,Aleutian Is,Stratovolcano,52.5,-171.25,1066
Anatahan,Mariana Is-C Pacific,Stratovolcano,16.35,145.67,790
Anaun,Kamchatka,Stratovolcano,56.32,158.83,1828
Andahua-Orcopampa,Peru,Cinder cones,-15.42,-72.33,4713
Andrus,Antarctica,Shield volcanoes,-75.8,-132.33,2978
Aneityum,Vanuatu-SW Pacific,Stratovolcanoes,-20.2,169.78,852
Aniakchak,Alaska Peninsula,Caldera,56.88,-158.17,1341
Ankaizina Field,Madagascar,Cinder cones,-14.3,48.67,2878
Ankaratra Field,Madagascar,Cinder cones,-19.4,47.2,2644
Antillanca Group,Chile-C,Stratovolcanoes,-40.77,-72.15,1990
Antipodes Island,Pacific-S,Pyroclastic cones,-49.68,178.77,402
Antisana,Ecuador,Stratovolcano,-0.48,-78.14,5753
Antofagasta de la Sierra,Argentina,Scoria cones,-26.08,-67.5,4000
Antuco,Chile-C,Stratovolcano,-37.41,-71.35,2979
Aoba,Vanuatu-SW Pacific,Shield volcano,-15.4,167.83,1496
Aoga-shima,Izu Is-Japan,Stratovolcano,32.45,139.76,423
Apagado,Chile-S,Pyroclastic cone,-41.88,-72.58,1210
Apaneca Range,El Salvador,Stratovolcanoes,13.89,-89.79,2036
Apastepeque Field,El Salvador,Volcanic field,13.72,-88.77,700
Apo,Mindanao-Philippines,Stratovolcano,6.99,125.27,2938
Apoyeque,Nicaragua,Pyroclastic shield,12.24,-86.34,518
Aracar,Argentina,Stratovolcano,-24.25,-67.77,6082
Aragats,Armenia,Stratovolcano,40.53,44.2,4095
"Aramuaca, Laguna",El Salvador,Maar,13.43,-88.11,181
Ararat,Turkey,Stratovolcano,39.7,44.3,5165
Arayat,Luzon-Philippines,Stratovolcano,15.2,120.74,1026
Ardoukoba,Djibouti,Fissure vents,11.58,42.47,298
Arenal,Costa Rica,Stratovolcano,10.46,-84.7,1670
Arenales,Chile-S,Stratovolcano,-47.2,-73.48,3437
"Arhab, Harra of",Arabia-S,Volcanic field,15.63,44.08,3100
Arjuno-Welirang,Java,Stratovolcano,-7.73,112.58,3339
Asacha,Kamchatka,Complex volcano,52.36,157.83,1910
Asama,Honshu-Japan,Complex volcano,36.4,138.53,2568
Asavyo,Ethiopia,Shield volcano,13.07,41.6,1200
Ascension,Atlantic-C,Stratovolcano,-7.95,-14.37,858
Askja,Iceland-NE,Stratovolcano,65.03,-16.75,1516
Aso,Kyushu-Japan,Caldera,32.88,131.11,1592
Assab Volc Field,Ethiopia,Volcanic field,12.95,42.43,987
Asuncion,Mariana Is-C Pacific,Stratovolcano,19.67,145.41,857
Atacazo,Ecuador,Stratovolcano,-0.35,-78.62,4463
Atakor Volc Field,Africa-N,Scoria cones,23.33,5.83,2918
Atitlon,Guatemala,Stratovolcano,14.58,-91.19,3535
Atka,Aleutian Is,Stratovolcanoes,52.38,-174.15,1533
Atlin Volc Field,Canada,Cinder cones,59.68,-133.32,1880
"Atlixcos, Los",Mexico,Shield volcano,19.81,-96.53,800
Atsonupuri,Kuril Is,Stratovolcano,44.81,147.14,1206
"Atuel, Caldera del",Argentina,Caldera,-34.65,-70.05,5189
Auckland Field,New Zealand,Volcanic field,-36.9,174.87,260
Augustine,Alaska-SW,Lava domes,59.36,-153.43,1252
"Auquihuato, Cerro",Peru,Cinder cone,-15.07,-73.18,4980
Avachinsky,Kamchatka,Stratovolcano,53.26,158.83,2741
Awu,Sangihe Is-Indonesia,Stratovolcano,3.67,125.5,1320
Axial Seamount,Pacific-NE,Submarine volcano,45.95,-130,-1410
Ayelu,Ethiopia,Stratovolcano,10.08,40.7,2145
Azas Plateau,Russia-SE,Volcanic field,52.52,98.6,2765
Azores Archipelago,Atlantic,Cinder cones,,,
Azufral,Colombia,Stratovolcano,1.08,-77.68,4070
"Azufre, Cerro del",Chile-N,Stratovolcano,-21.79,-68.24,5846
"Azul, Cerro",Galapagos,Shield volcano,-0.92,-91.41,1640
"Azul, Cerro",Chile-C,Stratovolcano,-35.65,-70.76,3788
"Azul, Volcan",Nicaragua,Cinder cones,12.53,-83.87,201
Azuma,Honshu-Japan,Stratovolcanoes,37.73,140.25,2035
Babuyan Claro,Luzon-N of,Stratovolcanoes,19.52,121.94,1080
Bachelor,US-Oregon,Stratovolcano,43.98,-121.69,2763
Bagana,Bougainville-SW Pacific,Lava cone,-6.14,155.2,1750
Bakening,Kamchatka,Stratovolcano,53.91,158.07,2278
Baker,US-Washington,Stratovolcanoes,48.78,-121.81,3285
"Bal Haf, Harra of",Arabia-S,Volcanic field,14.05,48.33,233
Balatukan,Mindanao-Philippines,Compound volcano,8.77,124.98,2450
Balbi,Bougainville-SW Pacific,Stratovolcano,-5.92,154.98,2715
Bald Knoll,US-Utah,Cinder cones,37.33,-112.41,2135
Baluan,Admiralty Is-SW Pacific,Stratovolcano,-2.57,147.28,254
Baluran,Java,Stratovolcano,-7.85,114.37,1247
Balut,Mindanao-Philippines,Stratovolcano,5.4,125.38,862
Bam,New Guinea-NE of,Stratovolcano,-3.61,144.82,685
Bamus,New Britain-SW Pac,Stratovolcano,-5.2,151.23,2248
Banahaw,Luzon-Philippines,Complex volcano,14.07,121.48,2158
Banda Api,Banda Sea,Caldera,-4.53,129.87,640
Bandai,Honshu-Japan,Stratovolcano,37.6,140.08,1819
Banua Wuhu,Sangihe Is-Indonesia,Submarine volcano,3.14,125.49,-5
Baransky,Kuril Is,Stratovolcano,45.1,148.02,1132
Borcena,Mexico-Is,Cinder cones,19.3,-110.82,332
Bordarbunga,Iceland-NE,Stratovolcano,64.63,-17.53,2000
Barkhatnaya Sopka,Kamchatka,Lava domes,52.82,158.27,870
Barren Island,Andaman Is-Indian O,Stratovolcano,12.28,93.86,354
"Barrier, The",Africa-E,Shield volcano,2.32,36.57,1032
Bar,Panama,Stratovolcano,8.81,-82.54,3474
Barva,Costa Rica,Complex volcano,10.14,-84.1,2906
Bas Dong Nai,SE Asia,Volcanic field,10.8,107.2,392
Batur,Lesser Sunda Is,Caldera,-8.24,115.38,1717
"Bayo, Cerro",Chile-N,Complex volcano,-25.42,-68.58,5401
Bayonnaise Rocks,Izu Is-Japan,Submarine volcano,31.88,139.92,11
Bayuda Volc Field,Africa-N,Cinder cones,18.33,32.75,670
Bazman,Iran,Stratovolcano,28.07,60,3490
Beerenberg,Atlantic-N-Jan Mayen,Stratovolcano,71.08,-8.17,2277
Behm Canal-Rudyerd Bay,Alaska-E,Cinder cones,55.32,-131.05,500
Belenkaya,Kamchatka,Stratovolcano,51.75,157.27,892
Belirang-Beriti,Sumatra,Compound volcano,-2.82,102.18,1958
Belknap,US-Oregon,Shield volcanoes,44.29,-121.84,2095
Bely,Kamchatka,Shield volcanoes,57.88,160.53,2080
Berlin,Antarctica,Shield volcanoes,-76.05,-136,3478
Beru,Ethiopia,Volcanic field,8.95,39.75,1100
Berutarube,Kuril Is,Stratovolcano,44.46,146.94,1221
Besar,Sumatra,Stratovolcano ?,-4.43,103.67,1899
Bezymianny,Kamchatka,Stratovolcano,55.98,160.59,2882
Bibinoi,Halmahera-Indonesia,Stratovolcanoes,-0.77,127.72,900
Bilate River Field,Ethiopia,Maars,7.07,38.1,1700
Biliran,Philippines-C,Compound volcano,11.52,124.54,1301
Billy Mitchell,Bougainville-SW Pacific,Pyroclastic shield,-6.09,155.23,1544
Bir Borhut,Arabia-S,Volcanic field,15.55,50.63,
"Birk, Harrat al",Arabia-W,Volcanic field,18.37,41.63,381
Bishoftu Volc Field,Ethiopia,Fissure vents,8.78,38.98,1850
Biu Plateau,Africa-W,Volcanic field,10.75,12,
Black Peak,Alaska Peninsula,Stratovolcano,56.55,-158.79,1032
Black Rock Desert,US-Utah,Volcanic field,38.97,-112.5,1800
"Blancas, Lomas",Chile-C,Stratovolcano,-36.29,-71.01,2268
Bliznets,Kamchatka,Stratovolcano,56.97,159.78,1244
Bliznetsy,Kamchatka,Lava cone,57.35,161.37,265
Blue Lake Crater,US-Oregon,Maar,44.41,-121.77,1230
Blup Blup,New Guinea-NE of,Stratovolcano,-3.51,144.61,402
Bobrof,Aleutian Is,Stratovolcano,51.91,-177.44,738
Bogatyr Ridge,Kuril Is,Stratovolcano,44.83,147.34,1634
Bogoslof,Aleutian Is,Submarine volcano,53.93,-168.03,150
Boisa,New Guinea-NE of,Stratovolcano,-3.99,144.96,240
Bola,New Britain-SW Pac,Stratovolcano,-5.15,150.03,1155
Bolshe-Bannaya,Kamchatka,Lava domes,52.9,157.78,1200
Bolshoi Payalpan,Kamchatka,Shield volcanoes,55.88,157.78,1906
Bolshoi Semiachik,Kamchatka,Stratovolcanoes,54.32,160.02,1720
Bolshoi-Kekuknaysky,Kamchatka,Shield volcanoes,56.47,157.8,1401
Bombalai,Borneo,Pyroclastic cone,4.4,117.88,531
Boomerang Seamount,Indian O.-S,Submarine volcano,-37.72,77.83,-650
Bora-Bericcio,Ethiopia,Pumice cones,8.27,39.03,2285
Borale Ale,Ethiopia,Stratovolcano,13.73,40.6,668
Borawli,Ethiopia,Stratovolcano,13.3,40.98,812
Borawli,Ethiopia,Lava domes,11.63,41.45,875
Boset-Bericha,Ethiopia,Stratovolcanoes,8.56,39.48,2447
Bouvet,Atlantic-S,Shield volcano,-54.42,3.35,780
Bratan,Lesser Sunda Is,Caldera,-8.28,115.13,2276
Brava,Cape Verde Is,Stratovolcano,14.85,-24.72,900
"Bravo, Cerro",Colombia,Stratovolcano,5.09,-75.3,4000
Brennisteinsfjoll,Iceland-SW,Crater rows,63.92,-21.83,626
Bridge River Cones,Canada,Volcanic field,50.8,-123.4,2500
Bridgeman Island,Antarctica,Stratovolcano,-62.05,-56.75,240
Bristol Island,Antarctica,Stratovolcano,-59.03,-26.58,1100
Brothers,New Zealand,Submarine volcano,-34.88,179.08,-1350
Brushy Butte,US-California,Shield volcano,41.18,-121.44,1174
Buckle Island,Antarctica,Stratovolcano,-66.78,163.25,1239
Bufumbira,Africa-C,Cinder cones,-1.23,29.72,2440
Buldir,Aleutian Is,Stratovolcano,52.35,175.91,656
Bulusan,Luzon-Philippines,Stratovolcanoes,12.77,124.05,1565
Bunyaruguru Field,Africa-C,Maars,-0.2,30.08,1554
"Burney, Monte",Chile-S,Stratovolcano,-52.33,-73.4,1758
Bus-Obo,Mongolia,Cinder cone,47.12,109.08,1162
Butajiri-Silti Field,Ethiopia,Fissure vents,8.05,38.35,2281
Buzzard Creek,Alaska-E,Tuff rings,64.07,-148.42,830
Cabal,Philippines-C,Stratovolcano,10.29,125.22,945
Caburgua-Huelemolle,Chile-C,Cinder cones,-39.25,-71.7,1496
Cagua,Luzon-Philippines,Stratovolcano,18.22,122.12,1133
Caichinque,Chile-N,Stratovolcanoes,-23.95,-67.73,4450
Calabozos,Chile-C,Caldera,-35.56,-70.5,3508
Calatrava Volc Field,Spain,Pyroclastic cones,38.87,-4.02,1117
Calbuco,Chile-S,Stratovolcano,-41.33,-72.61,2003
Callaqui,Chile-C,Stratovolcano,-37.92,-71.45,3164
Cameroon,Africa-W,Stratovolcano,4.2,9.17,4095
Camiguin,Mindanao-Philippines,Stratovolcanoes,9.2,124.67,1552
Camiguin de Babuyanes,Luzon-N of,Stratovolcano,18.83,121.86,712
Campi Flegrei,Italy,Caldera,40.83,14.14,458
Campi Flegrei Mar Sicilia,Italy,Submarine volcanoes,37.1,12.7,-8
Candlemas Island,Antarctica,Stratovolcano,-57.08,-26.67,550
Canlaon,Philippines-C,Stratovolcano,10.41,123.13,2435
Capulin Mountain,US-New Mexico,Cinder cones,36.4,-104.1,2494
Carlisle,Aleutian Is,Stratovolcano,52.89,-170.05,1620
Carran-Los Venados,Chile-C,Pyroclastic cones,-40.35,-72.07,1114
Carrizozo,US-New Mexico,Cinder cones,33.78,-105.93,1731
"Casiri, Nevados",Peru,Stratovolcanoes,-17.47,-69.81,5650
Cay,Chile-S,Stratovolcano,-45.06,-72.98,2090
Cayambe,Ecuador,Compound volcano,0.03,-77.99,5790
Cayutu -La Viguer a,Chile-S,Pyroclastic cones,-41.25,-72.27,506
Ceboruco,Mexico,Stratovolcano,21.13,-104.51,2280
"Cendres, Ile des",SE Asia,Submarine volcanoes,10.16,109.01,-20
Central Island,Africa-E,Tuff cones,3.5,36.04,550
Cereme,Java,Stratovolcano,-6.89,108.4,3078
Chacana,Ecuador,Caldera,-0.38,-78.25,4643
"Chachani, Nevado",Peru,Stratovolcano,-16.19,-71.53,6057
Chagulak,Aleutian Is,Stratovolcano,52.58,-171.13,1142
Cha ne des Puys,France,Cinder cones,45.78,2.97,1464
Chait n,Chile-S,Caldera,-42.83,-72.65,1122
Changbaishan,China-E,Stratovolcano,41.98,128.08,2744
Cherny,Kamchatka,Stratovolcano,56.82,159.67,1778
Cherpuk Group,Kamchatka,Pyroclastic cones,55.55,157.47,1868
Chichinautzin,Mexico,Volcanic field,19.08,-99.13,3930
"Chich n, El",Mexico,Lava domes,17.36,-93.23,1150
Chiginagak,Alaska Peninsula,Stratovolcano,57.14,-156.99,2221
Chikurachki,Kuril Is,Stratovolcanoes,50.33,155.46,1816
Chiliques,Chile-N,Stratovolcano,-23.58,-67.7,5778
"Chill n, Nevados de",Chile-C,Stratovolcano,-36.86,-71.38,3212
Chimborazo,Ecuador,Stratovolcano,-1.46,-78.82,6310
Chinameca,El Salvador,Stratovolcano,13.48,-88.33,1300
Chingo,Guatemala,Stratovolcano,14.12,-89.73,1775
Chiquimula Volc Field,Guatemala,Cinder cones,14.83,-89.55,1192
Chiracha,Ethiopia,Stratovolcano,6.65,38.12,1650
Chirinkotan,Kuril Is,Stratovolcano,48.98,153.48,724
Chirip,Kuril Is,Stratovolcanoes,45.34,147.93,1587
Chirpoi,Kuril Is,Caldera,46.53,150.88,742
Chokai,Honshu-Japan,Stratovolcanoes,39.1,140.05,2233
Ch'uga-ryong,Korea,Shield volcano,38.33,127.33,452
Churchill,Alaska-E,Stratovolcano,61.38,-141.75,5005
Chyulu Hills,Africa-E,Volcanic field,-2.68,37.88,2188
"Ciguatepe, Cerro el",Nicaragua,Stratovolcano,12.53,-86.14,603
Cinnamon Butte,US-Oregon,Cinder cones,43.24,-122.11,1956
"Cinotepeque, Cerro",El Salvador,Volcanic field,14.02,-89.25,665
Clark,New Zealand,Submarine volcano,-36.45,177.84,-860
Clear Lake,US-California,Volcanic field,38.97,-122.77,1439
Cleft Segment,Pacific-NE,Submarine volcano,44.83,-130.3,-2140
Cleveland,Aleutian Is,Stratovolcano,52.83,-169.94,1730
Coatepeque Caldera,El Salvador,Caldera,13.87,-89.55,746
CoAxial Segment,Pacific-NE,Submarine volcano,46.52,-129.58,-2400
Cobb Segment,Pacific-NE,Submarine volcano,46.88,-129.33,-2100
Cochiquito Volc Group,Argentina,Stratovolcanoes,-36.77,-69.82,1435
"Cochons, Ile aux",Indian O.-S,Stratovolcano,-46.1,50.23,775
Cofre de Perote,Mexico,Shield volcanoes,19.49,-97.15,4282
Colachi,Chile-N,Stratovolcano,-23.24,-67.65,5631
Coleman Seamount,Solomon Is-SW Pacific,Submarine volcano,-8.83,157.17,
Colima,Mexico,Stratovolcanoes,19.51,-103.62,3850
Colo [Una Una],Sulawesi-Indonesia,Stratovolcano,-0.17,121.61,507
Columbia River Flood Basalts,US-Multiple States,Flood Basalt,,,
Comond -La Pur sima,Mexico,Volcanic field,26,-111.92,780
Concepci n,Nicaragua,Stratovolcano,11.54,-85.62,1700
Conchagua,El Salvador,Stratovolcano,13.28,-87.85,1225
Conchag ita,El Salvador,Stratovolcano,13.23,-87.77,505
"C ndor, Cerro el",Argentina,Stratovolcano,-26.62,-68.35,6532
Copahue,Chile-C,Stratovolcano,-37.85,-71.17,2997
Copiap ,Chile-N,Stratovolcano,-27.3,-69.13,6052
Corbetti Caldera,Ethiopia,Caldera,7.18,38.43,2320
Corcovado,Chile-S,Stratovolcano,-43.18,-72.8,2300
Cordon de Puntas Negras,Chile-N,Stratovolcanoes,-23.74,-67.53,5852
Cordon del Azufre,Chile-N,Complex volcano,-25.33,-68.52,5463
Coronado,Mexico,Stratovolcano,29.08,-113.51,440
Coropuna,Peru,Stratovolcano,-15.52,-72.65,6377
Corvo,Azores,Stratovolcano,39.7,-31.11,718
Cosiguina,Nicaragua,Stratovolcano,12.98,-87.57,872
Coso Volc Field,US-California,Lava domes,36.03,-117.82,2400
Cotopaxi,Ecuador,Stratovolcano,-0.68,-78.44,5911
Crater Basalt Volc Field,Chile-S/Argentina,Cinder cones,-42.02,-70.18,1359
Crater Lake,US-Oregon,Caldera,42.93,-122.12,2487
Crater Mountain,New Guinea,Stratovolcano,-6.58,145.08,3233
Craters of the Moon,US-Idaho,Cinder cones,43.42,-113.5,2005
Crow Lagoon,Canada,Pyroclastic cone,54.7,-130.23,335
Cuernos de Negros,Philippines-C,Complex volcano,9.25,123.17,1862
Cuernos del Diablo,Chile-S,Stratovolcano,-41.4,-72,1862
Cuicocha,Ecuador,Caldera,0.31,-78.36,3246
Cuilapa-Barbarena,Guatemala,Volcanic field,14.33,-90.4,1454
C -Lao R  Group,SE Asia,Volcanic field,15.38,109.12,181
Cumbal,Colombia,Stratovolcano,0.95,-77.87,4764
"Cumbres, Las",Mexico,Stratovolcano,19.15,-97.27,3940
Curacoa,Tonga-SW Pacific,Submarine volcano,-15.62,-173.67,-33
Curtis Island,Kermadec Is,Submarine volcano,-30.54,-178.56,137
Dabbahu,Ethiopia,Stratovolcano,12.6,40.48,1442
Dabbayra,Ethiopia,Shield volcano,12.38,40.07,1302
Dacht-i-Navar Group,Afghanistan,Lava domes,33.95,67.92,3800
Daikoku,Volcano Is-Japan,Submarine volcano,21.32,144.19,-323
Daisetsu,Hokkaido-Japan,Stratovolcanoes,43.66,142.86,2290
Dakataua,New Britain-SW Pac,Caldera,-5.06,150.11,400
Dalaffilla,Ethiopia,Stratovolcano,13.79,40.55,613
Dallol,Ethiopia,Explosion craters,14.24,40.3,-48
Dama Ali,Ethiopia,Shield volcano,11.28,41.63,1068
Damavand,Iran,Stratovolcano,35.95,52.11,5670
Dana,Alaska Peninsula,Stratovolcano,55.64,-161.21,1354
Dar-Alages,Armenia,Pyroclastic cones,39.7,45.54,3329
Dariganga Volc Field,Mongolia,Cinder cones,45.33,114,1778
Darwin,Gal pagos,Shield volcano,-0.18,-91.28,1330
"Daun, Bukit",Sumatra,Stratovolcanoes,-3.38,102.37,2467
Davidof,Aleutian Is,Stratovolcano,51.97,178.33,328
Davis Lake,US-Oregon,Volcanic field,43.57,-121.82,2163
Dawson Strait Group,D'Entrecasteaux Is,Volcanic field,-9.62,150.88,500
Deccan Traps,India,Flood Basalts,,,
Deception Island,Antarctica,Caldera,-62.97,-60.65,576
Demon,Kuril Is,Stratovolcano,45.5,148.85,1205
Dempo,Sumatra,Stratovolcano,-4.03,103.13,3173
Denison,Alaska Peninsula,Stratovolcano,58.42,-154.45,2287
Descabezado Grande,Chile-C,Stratovolcanoes,-35.58,-70.75,3953
Devils Garden,US-Oregon,Volcanic field,43.51,-120.86,1698
Devils Tower,US-Wyoming,Volcanic Landform,44.6,-104.7,1558
"Dhamar, Harras of",Arabia-S,Volcanic field,14.57,44.67,3500
"Diables, Morne aux",W Indies,Stratovolcano,15.61,-61.43,861
"Diablotins, Morne",W Indies,Stratovolcano,15.5,-61.4,1430
Diamond Craters,US-Oregon,Volcanic field,43.1,-118.75,1435
Didicas,Luzon-N of,Compound volcano,19.08,122.2,228
Dieng Volc Complex,Java,Complex volcano,-7.2,109.92,2565
Diky Greben,Kamchatka,Lava domes,51.45,156.97,1070
Dofen,Ethiopia,Stratovolcano,9.35,40.13,1151
Doma Peaks,New Guinea,Stratovolcano,-5.9,143.15,3568
Domuyo,Argentina,Stratovolcano,-36.58,-70.42,4709
Don Joao de Castro Bank,Azores,Submarine volcano,38.23,-26.63,-13
Do a Juana,Colombia,Stratovolcano,1.47,-76.92,4150
Dotsero,US-Colorado,Maar,39.66,-107.04,2230
Douglas,Alaska Peninsula,Stratovolcano,58.86,-153.54,2140
Doyo Seamount,Izu Is-Japan,Submarine volcano,27.68,140.8,-860
"Druze, Jabal ad",Syria,Volcanic field,32.66,36.43,1803
Dubbi,Ethiopia,Stratovolcano,13.58,41.81,1625
Dukono,Halmahera-Indonesia,Complex volcano,1.68,127.88,1335
Duncan Canal,Alaska-E,Volcanic field,56.5,-133.1,15
Durango Volc Field,Mexico,Cinder cones,24.15,-104.45,2075
Dutton,Alaska Peninsula,Stratovolcano,55.17,-162.27,1506
Dzenzursky,Kamchatka,Compound volcano,53.64,158.92,2285
Eagle Lake Field,US-California,Fissure vents,40.63,-120.83,1652
East Diamante,Mariana Is-C Pacific,Submarine volcano,15.93,145.67,-127
East Zway,Ethiopia,Fissure vents,7.95,38.93,1889
Easter Island,Chile-Is,Shield volcanoes,-27.15,-109.38,511
Eastern Gemini Seamount,SW Pacific,Submarine volcano,-20.98,170.28,-80
Ebeko,Kuril Is,Somma volcano,50.68,156.02,1156
Ebulobo,Lesser Sunda Is,Stratovolcano,-8.82,121.18,2124
"Eburru, Ol Doinyo",Africa-E,Complex volcano,-0.65,36.22,2856
Ecuador,Gal pagos,Shield volcano,-0.02,-91.55,790
Edgecumbe,Alaska-E,Stratovolcanoes,57.05,-135.75,970
Edziza,Canada,Stratovolcano,57.72,-130.63,2786
Eggella,Kamchatka,Shield volcano,56.57,158.52,1046
Egmont [Taranaki],New Zealand,Stratovolcano,-39.3,174.07,2518
Egon,Lesser Sunda Is,Stratovolcano,-8.67,122.45,1703
Ekarma,Kuril Is,Stratovolcano,48.96,153.93,1170
Elbrus,Russia-SW,Stratovolcano,43.33,42.45,5633
Elmenteita Badlands,Africa-E,Pyroclastic cones,-0.52,36.27,2126
Elovsky,Kamchatka,Shield volcanoes,57.55,160.53,1381
Emmons Lake,Alaska Peninsula,Caldera,55.34,-162.08,1436
Emperor of China,Banda Sea,Submarine volcano ?,-6.62,124.22,-2850
Emuruangogolak,Africa-E,Shield volcano,1.5,36.33,1328
Endeavour Ridge,Pacific-NE,Submarine volcano,47.95,-129.1,-2050
Epi,Vanuatu-SW Pacific,Stratovolcanoes,-16.68,168.37,833
Erciyes Dagi,Turkey,Stratovolcano,38.52,35.48,3916
Erebus,Antarctica,Stratovolcano,-77.53,167.17,3794
Erta Ale,Ethiopia,Shield volcano,13.6,40.67,613
Es Safa,Syria,Volcanic field,33.25,37.07,979
E-san,Hokkaido-Japan,Stratovolcano,41.8,141.17,618
Escanaba Segment,Pacific-NE,Submarine volcano,40.98,-127.5,-1700
"Escorial, Cerro",Chile-N,Stratovolcano,-25.08,-68.37,5447
Esjufj ll,Iceland-SE,Stratovolcano,64.27,-16.65,1760
Esmeralda Bank,Mariana Is-C Pacific,Submarine volcano,15,145.25,-43
"Est, Ile de l'",Indian O.-S,Stratovolcano,-46.43,52.2,1090
Estel ,Nicaragua,Fissure vents,13.17,-86.4,899
Etna,Italy,Stratovolcanoes,37.73,15,3330
Eyjafj ll,Iceland-S,Stratovolcano,63.63,-19.62,1666
Falcon Island,Tonga-SW Pacific,Submarine volcano,-20.32,-175.42,-17
Falso Azufre,Chile-N,Complex volcano,-26.8,-68.37,5890
Farallon de Pajaros,Mariana Is-C Pacific,Stratovolcano,20.54,144.9,360
Fayal,Azores,Stratovolcano,38.6,-28.73,1043
Fedotych,Kamchatka,Shield volcano,57.13,160.4,965
Fentale,Ethiopia,Stratovolcano,8.98,39.93,2007
Fernandina,Gal pagos,Shield volcano,-0.37,-91.55,1476
Fisher,Aleutian Is,Stratovolcano,54.65,-164.43,1112
Flores,Guatemala,Volcanic field,14.31,-89.99,1600
Flores,Azores,Stratovolcanoes,39.46,-31.22,914
Fogo,Cape Verde Is,Stratovolcano,14.95,-24.35,2829
Fonualei,Tonga-SW Pacific,Stratovolcano,-18.02,-174.33,180
Forecast Seamount,Mariana Is-C Pacific,Submarine volcano,13.4,143.92,
Fort Portal Field,Africa-C,Tuff cones,0.7,30.25,1524
Fort Rock,US-Oregon,Tuff cones,43.3,-121,1716
Fort Selkirk,Canada,Volcanic field,62.93,-137.38,1239
Four Craters Lava Field,US-Oregon,Volcanic field,43.36,-120.67,1501
"Fournaise, Piton de la",Indian O.-W,Shield volcano,-21.23,55.71,2632
Fourpeaked,Alaska Peninsula,Stratovolcano,58.77,-153.67,2105
Fremrinamur,Iceland-NE,Stratovolcano,65.43,-16.65,939
Frosty,Alaska Peninsula,Stratovolcanoes,55.08,-162.81,2012
Fuego,Guatemala,Stratovolcano,14.47,-90.88,3763
Fueguino,Chile-S,Lava domes,-54.95,-70.25,150
Fuerteventura,Canary Is,Fissure vents,28.36,-14.02,529
Fuji,Honshu-Japan,Stratovolcano,35.36,138.73,3776
Fukue-jima,Kyushu-Japan,Shield volcanoes,32.65,128.85,317
Fukujin,Volcano Is-Japan,Submarine volcano,21.93,143.47,-217
Fukutoku-Okanoba,Volcano Is-Japan,Submarine volcano,24.28,141.49,-14
Furnas,Azores,Stratovolcano,37.77,-25.32,805
Fuss Peak,Kuril Is,Stratovolcano,50.27,155.25,1772
Gabillema,Ethiopia,Stratovolcano,11.08,41.27,1459
Gada Ale,Ethiopia,Stratovolcano,13.98,40.41,287
Gaja-jima,Ryukyu Is,Stratovolcano,29.9,129.54,497
Gal pagos Rift,Pacific-E,Submarine volcano,0.79,-86.15,-2430
Galeras,Colombia,Complex volcano,1.22,-77.37,4276
Gallego,Solomon Is-SW Pacific,Volcanic field,-9.35,159.73,1000
Galunggung,Java,Stratovolcano,-7.25,108.06,2168
Gamalama,Halmahera-Indonesia,Stratovolcanoes,0.8,127.33,1715
Gamchen,Kamchatka,Complex volcano,54.97,160.7,2576
Gamkonora,Halmahera-Indonesia,Stratovolcano,1.38,127.53,1635
Garbuna Group,New Britain-SW Pac,Stratovolcanoes,-5.45,150.03,564
Gareloi,Aleutian Is,Stratovolcano,51.79,-178.79,1573
Garibaldi,Canada,Stratovolcano,49.85,-123,2678
Garibaldi Lake,Canada,Volcanic field,49.92,-123.03,2316
Garove,New Britain-SW Pac,Stratovolcano,-4.69,149.5,368
Garua Harbour,New Britain-SW Pac,Volcanic field,-5.3,150.07,565
Gaua,Vanuatu-SW Pacific,Stratovolcano,-14.27,167.5,797
Gedamsa Caldera,Ethiopia,Caldera,8.35,39.18,1984
Gede,Java,Stratovolcano,-6.78,106.98,2958
Genovesa,Gal pagos,Shield volcano,0.32,-89.96,64
Geodesistoy,Kamchatka,Shield volcano,56.33,158.67,1170
Ghegam Ridge,Armenia,Volcanic field,40.28,44.75,3597
Giggenbach,Kermadec Is,Submarine volcano,-30.04,-178.71,-65
Girekol,Turkey,Unknown,39.17,43.33,
Glacier Peak,US-Washington,Stratovolcano,48.11,-121.11,3213
"Gloria, La",Mexico,Volcanic field,19.33,-97.25,3500
Golan Heights,Syria,Volcanic field,33.1,35.97,1197
Golaya,Kamchatka,Stratovolcano,52.26,157.79,858
Golden Trout Creek,US-California,Volcanic field,36.36,-118.32,2886
Golets-Tornyi Group,Kuril Is,Pyroclastic cones,45.25,148.35,442
G ll  Dag,Turkey,Lava dome,38.25,34.57,2143
Golovnin,Kuril Is,Caldera,43.84,145.51,543
Goodenough,D'Entrecasteaux Is,Volcanic field,-9.48,150.35,220
Gordon,Alaska-E,Cinder cones,62.13,-143.08,2755
Gorely,Kamchatka,Caldera,52.56,158.03,1829
Goriaschaia Sopka,Kuril Is,Stratovolcano,46.83,151.75,891
Gorny Institute,Kamchatka,Stratovolcano,57.33,160.2,2125
Graciosa,Azores,Stratovolcano,39.02,-27.97,402
Gran Canaria,Canary Is,Fissure vents,28,-15.58,1950
Granada,Nicaragua,Fissure vents,11.92,-85.98,300
Great Sitkin,Aleutian Is,Stratovolcano,52.08,-176.13,1740
Griggs,Alaska Peninsula,Stratovolcano,58.35,-155.09,2317
"Grille, La",Indian O.-W,Shield volcano,-11.47,43.33,1087
Gr msnes,Iceland-SW,Crater rows,64.03,-20.87,214
Gr msv tn,Iceland-NE,Caldera,64.42,-17.33,1725
Groppo,Ethiopia,Stratovolcano,11.73,40.25,930
Grozny Group,Kuril Is,Complex volcanoes,45.03,147.92,1211
Guadalupe,Mexico,Shield volcano,29.07,-118.28,1100
Guagua Pichincha,Ecuador,Stratovolcano,-0.17,-78.6,4784
Guallatiri,Chile-N,Stratovolcano,-18.42,-69.09,6071
Guayaques,Chile-N,Lava domes,-22.9,-67.57,5598
Guazapa,El Salvador,Stratovolcano,13.9,-89.12,1438
Gufa,Ethiopia,Volcanic field,12.55,42.53,600
Guguan,Mariana Is-C Pacific,Stratovolcano,17.31,145.85,287
Guntur,Java,Complex volcano,-7.14,107.84,2249
Gunungapi Wetar,Banda Sea,Stratovolcano,-6.64,126.65,282
Hachijo-jima,Izu Is-Japan,Stratovolcanoes,33.13,139.77,854
Hachimantai,Honshu-Japan,Stratovolcano,39.96,140.86,1614
Hainan Dao,SE Asia,Pyroclastic cones,19.7,110.1,
Hakkoda Group,Honshu-Japan,Stratovolcanoes,40.66,140.88,1585
Hakone,Honshu-Japan,Complex volcano,35.23,139.02,1438
Haku-san,Honshu-Japan,Stratovolcano,36.15,136.77,2702
Haleakala,Hawaiian Is,Shield volcano,20.71,-156.25,3055
Halla,Korea,Shield volcano,33.37,126.53,1950
Hanish,Red Sea,Shield volcano,13.72,42.73,422
Hargy,New Britain-SW Pac,Stratovolcano,-5.33,151.1,1148
"Harrah, Al",Arabia-W,Volcanic field,31.08,38.42,1100
Haruj,Africa-N,Volcanic field,27.25,17.5,1200
Haruna,Honshu-Japan,Stratovolcano,36.47,138.88,1449
Hasan Dagi,Turkey,Stratovolcano,38.13,34.17,3253
Haut Dong Nai,SE Asia,Volcanic field,11.6,108.2,1000
Hayes,Alaska-SW,Stratovolcano,61.64,-152.41,3034
"Haylan, Jabal",Arabia-S,Volcanic field,15.43,44.78,1550
Hayli Gubbi,Ethiopia,Shield volcano,13.5,40.72,521
Healy,New Zealand,Submarine volcano,-35,178.97,980
Heard,Indian O.-S,Stratovolcano,-53.11,73.51,2745
Heart Peaks,Canada,Shield volcano,58.6,-131.97,2012
Hekla,Iceland-S,Stratovolcano,63.98,-19.7,1491
Hell's Half Acre,US-Idaho,Shield volcano,43.5,-112.45,1631
Hengill,Iceland-SW,Crater rows,64.18,-21.33,803
Herbert,Aleutian Is,Stratovolcano,52.74,-170.11,1280
Hertali,Ethiopia,Fissure vent,9.78,40.33,900
Hierro,Canary Is,Shield volcano,27.73,-18.03,1500
Hijiori,Honshu-Japan,Caldera,38.61,140.18,516
Hiri,Halmahera-Indonesia,Stratovolcano,0.9,127.32,630
Hiuchi,Honshu-Japan,Stratovolcano,36.95,139.29,2356
Hobicha Caldera,Ethiopia,Caldera,6.78,37.83,1800
Hodson,Antarctica,Stratovolcano,-56.7,-27.15,1005
Hofsj kull,Iceland-SW,Subglacial volcano,64.78,-18.92,1782
Homa Mountain,Africa-E,Complex volcano,-0.38,34.5,1751
Home Reef,Tonga-SW Pacific,Submarine volcano,-18.99,-174.78,-2
Honggeertu,China-E,Cinder cones,41.47,113,1700
Hood,US-Oregon,Stratovolcano,45.37,-121.7,3426
Hoodoo Mountain,Canada,Subglacial volcano,56.78,-131.28,1850
Hornopir n,Chile-S,Stratovolcano,-41.87,-72.43,1572
Hualalai,Hawaiian Is,Shield volcano,19.69,-155.87,2523
Huambo,Peru,Volcanic field,-15.83,-72.13,4550
Huanquihue Group,Argentina,Stratovolcanoes,-39.88,-71.58,2139
Huaynaputina,Peru,Stratovolcano,-16.61,-70.85,4850
Hudson Mountains,Antarctica,Stratovolcanoes,-74.33,-99.42,749
"Hudson, Cerro",Chile-S,Stratovolcano,-45.9,-72.97,1905
Huequi,Chile-S,Stratovolcano,-42.38,-72.58,1318
"Huila, Nevado del",Colombia,Stratovolcano,2.93,-76.03,5364
Hulubelu,Sumatra,Caldera,-5.35,104.6,1040
"Humeros, Los",Mexico,Calderas,19.68,-97.45,3150
Hunga Tonga-Hunga Ha'apai,Tonga-SW Pacific,Submarine volcano,-20.57,-175.38,149
Hunter Island,SW Pacific,Stratovolcano,-22.4,172.05,297
Hutapanjang,Sumatra,Stratovolcano,-2.33,101.6,2021
Hydrographers Range,New Guinea,Stratovolcano,-9,148.37,1915
Iamalele,D'Entrecasteaux Is,Lava domes,-9.52,150.53,200
Ibu,Halmahera-Indonesia,Stratovolcano,1.49,127.63,1325
Ibusuki Volc Field,Kyushu-Japan,Calderas,31.22,130.57,922
Ichinsky,Kamchatka,Stratovolcano,55.68,157.73,3621
Iettunup,Kamchatka,Shield volcanoes,58.4,161.08,1340
Igwisi Hills,Africa-E,Tuff cones,-4.87,31.92,
Ijen,Java,Stratovolcanoes,-8.06,114.24,2799
Iktunup,Kamchatka,Shield volcanoes,58.08,160.77,2300
Iliamna,Alaska-SW,Stratovolcano,60.03,-153.09,3053
Iliboleng,Lesser Sunda Is,Stratovolcano,-8.34,123.26,1659
Ililabalekan,Lesser Sunda Is,Stratovolcano,-8.55,123.38,1018
Ilimuda,Lesser Sunda Is,Stratovolcano,-8.48,122.67,1100
Iliwerung,Lesser Sunda Is,Complex volcano,-8.53,123.57,1018
Illiniza,Ecuador,Stratovolcano,-0.66,-78.71,5248
Ilopango,El Salvador,Caldera,13.67,-89.05,450
Ilyinsky,Kamchatka,Stratovolcano,51.49,157.2,1578
Imbabura,Ecuador,Compound volcano,0.26,-78.18,4609
Imun,Sumatra,Unknown,2.16,98.93,1505
Imuruk Lake,Alaska-W,Shield volcanoes,65.6,-163.92,610
In Ezzane Volc Field,Africa-N,Volcanic field,23,10.83,
"Incahuasi, Nevado de",Chile-N,Stratovolcanoes,-27.04,-68.28,6621
Indian Heaven,US-Washington,Shield volcanoes,45.93,-121.82,1806
Ingakslugwat Hills,Alaska-W,Cinder cones,61.43,-164.47,190
Inielika,Lesser Sunda Is,Complex volcano,-8.73,120.98,1559
Inierie,Lesser Sunda Is,Stratovolcano,-8.88,120.95,2245
Inyo Craters,US-California,Lava domes,37.69,-119.02,2629
Ioto [Iwo-jima],Volcano Is-Japan,Caldera,24.75,141.29,161
Ipala,Guatemala,Stratovolcano,14.55,-89.63,1650
Iraya,Luzon-N of,Stratovolcano,20.47,122.01,1009
Iraz ,Costa Rica,Stratovolcano,9.98,-83.85,3432
Iriga,Luzon-Philippines,Stratovolcano,13.46,123.46,1196
Iriomote-jima,Ryukyu Is,Submarine volcano,24.56,124,-200
Irruputuncu,Chile-N,Stratovolcano,-20.73,-68.55,5163
Isanotski,Aleutian Is,Stratovolcano,54.77,-163.72,2446
Isarog,Luzon-Philippines,Stratovolcano,13.66,123.38,1966
Ischia,Italy,Complex volcano,40.73,13.9,789
Iskut-Unuk River Cones,Canada,Cinder cones,56.58,-130.55,1880
Isluga,Chile-N,Stratovolcano,-19.15,-68.83,5550
Itasy Volc Field,Madagascar,Scoria cones,-19,46.77,1800
"Ithnayn, Harrat",Arabia-W,Volcanic field,26.58,40.2,1625
Ivao Group,Kuril Is,Cinder cones,45.77,149.68,1426
Iwaki,Honshu-Japan,Stratovolcano,40.65,140.31,1625
Iwate,Honshu-Japan,Complex volcano,39.85,141,2041
Iwo-Tori-shima,Ryukyu Is,Complex volcano,27.88,128.22,212
Ixtepeque,Guatemala,Lava domes,14.42,-89.68,1292
Iya,Lesser Sunda Is,Stratovolcano,-8.9,121.65,637
Iyang-Argapura,Java,Complex volcano,-7.97,113.57,3088
Izalco,El Salvador,Stratovolcano,13.81,-89.63,1950
Iztacc huatl,Mexico,Stratovolcano,19.18,-98.64,5230
Izumbwe-Mpoli,Africa-E,Pyroclastic cones,-8.93,33.4,1568
Izu-Tobu,Honshu-Japan,Pyroclastic cones,34.9,139.1,1406
Jailolo,Halmahera-Indonesia,Stratovolcano,1.08,127.42,1130
Jalua,Ethiopia,Stratovolcano,15.04,39.82,713
Jan Mayen,Atlantic-N-Jan Mayen,Stratovolcano,71.08,-8.17,2277
Jaraguay Volc Field,Mexico,Cinder cones,29.33,-114.5,960
"Jayu Khota, Laguna",Bolivia,Maars,-19.45,-67.42,3650
Jefferson,US-Oregon,Stratovolcano,44.67,-121.8,3199
Jingbo,China-E,Volcanic field,44.08,128.83,1000
Jocotitl n,Mexico,Stratovolcano,19.73,-99.76,3900
Jolo,Sulu Is-Philippines,Pyroclastic cones,6.01,121.06,811
Jordan Craters,US-Oregon,Volcanic field,43.15,-117.46,1473
Jumaytepeque,Guatemala,Stratovolcano,14.34,-90.27,1815
Kaba,Sumatra,Stratovolcano,-3.52,102.62,1952
Kabargin Oth Group,Georgia,Cinder cones,42.55,44,3650
Kadovar,New Guinea-NE of,Stratovolcano,-3.63,144.63,365
Kagamil,Aleutian Is,Stratovolcano,52.97,-169.72,893
Kaguyak,Alaska Peninsula,Stratovolcano,58.61,-154.03,901
Kahoollawe,Hawaiian Is,Shield volcanoe,20.6,-156.6,450
Kaikata Seamount,Volcano Is-Japan,Submarine volcano,26.67,141,-162
Kaikohe-Bay of Islands,New Zealand,Volcanic field,-35.3,173.9,388
Kaileney,Kamchatka,Shield volcano,57.8,160.67,1582
Kaitoku Seamount,Volcano Is-Japan,Submarine volcano,26.12,141.1,-103
Kalatungan,Mindanao-Philippines,Stratovolcano,7.95,124.8,2824
Kambalny,Kamchatka,Stratovolcano,51.3,156.87,2156
Kamen,Kamchatka,Stratovolcano,56.02,160.59,4585
Kana Keoki,Solomon Is-SW Pacific,Submarine volcano,-8.75,157.03,-700
Kanaga,Aleutian Is,Stratovolcano,51.92,-177.17,1307
Kanlaon,Philippines-C,Stratovolcano,10.41,123.13,2435
Kanpu,Honshu-Japan,Stratovolcano,39.93,139.88,355
Kao,Tonga-SW Pacific,Stratovolcano,-19.67,-175.03,1030
Karaca Dag,Turkey,Shield volcano,37.67,39.83,1957
"Karaha, Kawah",Java,Fumarole field,-7.12,108.08,1155
Karang,Java,Stratovolcano,-6.27,106.04,1778
Karangetang [Api Siau],Sangihe Is-Indonesia,Stratovolcano,2.78,125.4,1784
Karapinar Field,Turkey,Cinder cones,37.67,33.65,1302
Karisimbi,Africa-C,Stratovolcano,-1.5,29.45,4507
Karkar,New Guinea-NE of,Stratovolcano,-4.65,145.96,1839
Karpinsky Group,Kuril Is,Cones,50.13,155.37,1345
Kars Plateau,Turkey,Volcanic field,40.75,42.9,3000
Karthala,Indian O.-W,Shield volcano,-11.75,43.38,2361
Karymsky,Kamchatka,Stratovolcano,54.05,159.45,1536
Kasatochi,Aleutian Is,Stratovolcano,52.18,-175.51,314
Kasbek,Georgia,Stratovolcano,42.7,44.5,5050
Kasuga,Volcano Is-Japan,Submarine volcano,21.77,143.71,-598
Katla,Iceland-S,Subglacial volcano,63.63,-19.05,1512
Katmai,Alaska Peninsula,Stratovolcano,58.28,-154.96,2047
Katunga,Africa-C,Tuff cone,-0.47,30.19,1707
Katwe-Kikorongo Field,Africa-C,Tuff cones,-0.08,29.92,1067
Kavachi,Solomon Is-SW Pacific,Submarine volcano,-9.02,157.95,-20
Kawi-Butak,Java,Stratovolcanoes,-7.92,112.45,2651
Kebeney,Kamchatka,Shield volcano,57.1,159.93,1527
Kekurny,Kamchatka,Shield volcanoes,56.4,158.85,1377
Kelimutu,Lesser Sunda Is,Complex volcano,-8.77,121.82,1639
Kell,Kamchatka,Stratovolcanoes,51.65,157.35,900
Keluo Group,China-E,Pyroclastic cones,49.37,125.92,670
Kelut,Java,Stratovolcano,-7.93,112.31,1731
Kendang,Java,Stratovolcano,-7.23,107.72,2608
Kerguelen Islands,Indian O.-S,Stratovolcanoes,-49.58,69.5,1840
Kerinci,Sumatra,Stratovolcano,-1.7,101.26,3800
Kerlingarfj ll,Iceland-SW,Stratovolcano,64.63,-19.32,1488
Ketoi,Kuril Is,Stratovolcano,47.35,152.48,1172
Khangar,Kamchatka,Stratovolcano,54.75,157.38,2000
Khanuy Gol,Mongolia,Volcanic field,48.67,102.75,1886
Kharimkotan,Kuril Is,Stratovolcano,49.12,154.51,1145
"Khaybar, Harrat",Arabia-W,Volcanic field,25,39.92,2093
Khodutka,Kamchatka,Stratovolcanoes,52.06,157.7,2090
Kialagvik,Alaska Peninsula,Stratovolcano,57.2,-156.75,1677
Kick 'em Jenny,W Indies,Submarine volcano,12.3,-61.64,-185
Kieyo,Africa-E,Stratovolcano,-9.23,33.78,2175
Kikai,Ryukyu Is,Caldera,30.79,130.31,704
Kikhpinych,Kamchatka,Stratovolcanoes,54.49,160.25,1552
Kilauea,Hawaiian Is,Shield volcano,19.42,-155.29,1222
Kilimanjaro,Africa-E,Stratovolcano,-3.07,37.35,5895
Kinenin,Kamchatka,Maar,57.35,160.97,583
Kirishima,Kyushu-Japan,Shield volcano,31.93,130.86,1700
"Kishb, Harrat",Arabia-W,Volcanic field,22.8,41.38,1475
Kiska,Aleutian Is,Stratovolcano,52.1,177.6,1220
Kita-Fukutokutai,Volcano Is-Japan,Submarine volcano,24.41,141.42,-73
Kita-Iwo-jima,Volcano Is-Japan,Stratovolcano,25.42,141.28,792
Kizimen,Kamchatka,Stratovolcano,55.13,160.32,2376
Klabat,Sulawesi-Indonesia,Stratovolcano,1.47,125.03,1995
Kliuchevskoi,Kamchatka,Stratovolcano,56.06,160.64,4835
Kogaja-jima,Ryukyu Is,Lava domes,29.88,129.63,301
Kohala,Hawaiian Is,Shield volcano,20.12,-155.7,1700
Kolbeinsey Ridge,Iceland-N of,Submarine volcano,66.67,-18.5,5
Kolokol Group,Kuril Is,Somma volcanoes,46.04,150.05,1328
Komaga-take,Hokkaido-Japan,Stratovolcano,42.06,140.68,1131
Komarov,Kamchatka,Stratovolcano,55.03,160.72,2070
Kone,Ethiopia,Calderas,8.8,39.69,1619
Koniuji,Aleutian Is,Stratovolcano,52.22,-175.13,273
Kookooligit Mountains,Alaska-W,Shield volcano,63.6,-170.43,673
Koranga,New Guinea,Maar,-7.33,146.71,1500
Korath Range,Ethiopia,Tuff cones,5.1,35.88,912
Koro,Fiji Is-SW Pacific,Cinder cones,-17.32,179.4,522
Korosi,Africa-E,Shield volcano,0.77,36.12,1446
Koryaksky,Kamchatka,Stratovolcano,53.32,158.69,3456
Koshelev,Kamchatka,Stratovolcano,51.36,156.75,1812
Kostakan,Kamchatka,Cinder cones,53.83,158.05,1150
"Koussi, Emi",Africa-N,Pyroclastic shield,19.8,18.53,3415
Kozu-shima,Izu Is-Japan,Lava domes,34.22,139.16,572
Kozyrevsky,Kamchatka,Shield volcano,55.58,158.38,2016
Krafla,Iceland-NE,Caldera,65.73,-16.78,650
Krainy,Kamchatka,Shield volcano,56.37,159.03,1554
Krakatau,Indonesia,Caldera,-6.1,105.42,813
Krasheninnikov,Kamchatka,Caldera,54.59,160.27,1856
Kr suv k,Iceland-SW,Crater rows,63.93,-22.1,379
Kronotsky,Kamchatka,Stratovolcano,54.75,160.53,3528
Ksudach,Kamchatka,Stratovolcano,51.8,157.53,1079
Kuchinoerabu-jima,Ryukyu Is,Stratovolcanoes,30.44,130.22,657
Kuchino-shima,Ryukyu Is,Stratovolcanoes,29.96,129.93,628
Kueishantao,Taiwan-E of,Stratovolcano,24.85,121.92,401
Kuju,Kyushu-Japan,Stratovolcanoes,33.08,131.25,1791
Kukak,Alaska Peninsula,Stratovolcano,58.45,-154.36,2043
Kula,Turkey,Cinder cones,38.58,28.52,750
Kulkev,Kamchatka,Shield volcano,56.37,158.37,915
Kunlun Volc Group,China-W,Pyroclastic cones,35.52,80.2,5808
Kunyit,Sumatra,Stratovolcano,-2.27,101.48,2151
Kupreanof,Alaska Peninsula,Stratovolcano,56.01,-159.8,1895
Kurikoma,Honshu-Japan,Stratovolcano,38.96,140.79,1628
Kurile Lake,Kamchatka,Caldera,51.45,157.12,81
Kurose Hole,Izu Is-Japan,Submarine volcano,33.4,139.68,-107
Kurub,Ethiopia,Shield volcano,11.88,41.21,625
Kusatsu-Shirane,Honshu-Japan,Stratovolcanoes,36.62,138.54,2171
Kutcharo,Hokkaido-Japan,Caldera,43.61,144.44,999
Kuttara,Hokkaido-Japan,Stratovolcanoes,42.49,141.16,581
Kutum Volc Field,Africa-N,Scoria cones,14.57,25.85,
Kuwae,Vanuatu-SW Pacific,Caldera,-16.83,168.54,-2
Kverkfj ll,Iceland-NE,Stratovolcano,64.65,-16.72,1920
Kyatwa Volc Field,Africa-C,Tuff cones,0.45,30.25,1430
La Palma,Canary Is,Stratovolcanoes,28.57,-17.83,2426
Laguna Caldera,Luzon-Philippines,Caldera,14.42,121.27,743
"Lajas, Las",Nicaragua,Shield volcano,12.3,-85.73,926
Lamington,New Guinea,Stratovolcano,-8.95,148.15,1680
Lamongan,Java,Stratovolcano,-7.98,113.34,1651
Langila,New Britain-SW Pac,Complex volcano,-5.53,148.42,1330
Langj kull,Iceland-SW,Stratovolcano,64.75,-19.98,1360
Lan n,Chile-C,Stratovolcano,-39.63,-71.5,3747
Lanzarote,Canary Is,Fissure vents,29.03,-13.63,670
Larderello,Italy,Explosion craters,43.25,10.87,500
L scar,Chile-N,Stratovolcanoes,-23.37,-67.73,5592
Lassen Volc Center,US-California,Stratovolcano,40.49,-121.51,3187
Lastarria,Chile-N,Stratovolcano,-25.17,-68.5,5697
Late,Tonga-SW Pacific,Stratovolcano,-18.81,-174.65,540
Latukan,Mindanao-Philippines,Stratovolcano,7.65,124.45,2338
Lautaro,Chile-S,Stratovolcano,-49.02,-73.55,3607
Lavic Lake,US-California,Volcanic field,34.75,-116.63,1495
Lawu,Java,Stratovolcano,-7.63,111.19,3265
Leizhou Bandao,SE Asia,Volcanic field,20.78,110.17,259
"Lengai, Ol Doinyo",Africa-E,Stratovolcano,-2.76,35.91,2962
Leonard Range,Mindanao-Philippines,Stratovolcano,7.38,126.05,1080
Leroboleng,Lesser Sunda Is,Complex volcano,-8.36,122.84,1117
Leskov Island,Antarctica,Stratovolcano,-56.67,-28.13,190
Leutongey,Kamchatka,Shield volcano,57.3,159.83,1333
Level Mountain,Canada,Shield volcano,58.42,-131.35,2190
Lewotobi,Lesser Sunda Is,Stratovolcanoes,-8.54,122.78,1703
Lewotolo,Lesser Sunda Is,Stratovolcano,-8.27,123.51,1423
Liado Hayk,Ethiopia,Maars,9.57,40.28,878
Liamuiga,W Indies,Stratovolcano,17.37,-62.8,1156
Licancabur,Chile-N,Stratovolcano,-22.83,-67.88,5916
Licto,Ecuador,Scoria cones,-1.78,-78.61,3336
Lihir,New Ireland-SW Pacific,Volcanic complex,-3.13,152.64,700
Lipari,Italy,Stratovolcanoes,38.48,14.95,602
Little Sitkin,Aleutian Is,Stratovolcano,51.95,178.54,1174
Lj sufj ll,Iceland-W,Fissure vents,64.87,-22.23,988
Llaima,Chile-C,Stratovolcano,-38.69,-71.73,3125
Llullaillaco,Chile-N,Stratovolcano,-24.72,-68.53,6739
Loihi,Hawaiian Is,Submarine volcano,18.92,-155.27,-975
Loki-F grufj ll,Iceland-NE,Subglacial volcano,64.48,-17.8,1570
Lokon-Empung,Sulawesi-Indonesia,Stratovolcano,1.36,124.79,1580
Lolo,New Britain-SW Pac,Stratovolcano,-5.47,150.51,805
Lolobau,New Britain-SW Pac,Caldera,-4.92,151.16,858
Loloru,Bougainville-SW Pacific,Pyroclastic shield,-6.52,155.62,1887
Lomonosov Group,Kuril Is,Cinder cones,50.25,155.43,1681
Long Island,New Guinea-NE of,Complex volcano,-5.36,147.12,1280
"Longav , Nevado de",Chile-C,Stratovolcano,-36.19,-71.16,3242
Longgang Group,China-E,Cinder cones,42.33,126.5,1000
Longonot,Africa-E,Stratovolcano,-0.91,36.45,2776
Lonquimay,Chile-C,Stratovolcano,-38.38,-71.58,2865
Lopevi,Vanuatu-SW Pacific,Stratovolcano,-16.51,168.35,1413
Lower Chindwin,SE Asia,Volcanic field,22.28,95.1,385
Lubukraya,Sumatra,Stratovolcano,1.48,99.21,1862
"Lumut Balai, Bukit",Sumatra,Stratovolcano ?,-4.22,103.62,2055
"Lunayyir, Harrat",Arabia-W,Volcanic field,25.17,37.75,1370
Lurus,Java,Complex volcano,-7.73,113.58,539
Lvinaya Past,Kuril Is,Stratovolcano,44.61,146.99,528
Lysuh ll,Iceland-W,Pyroclastic cones,64.87,-23.25,540
Ma Alalta,Ethiopia,Stratovolcano,13.02,40.2,1815
Maca,Chile-S,Stratovolcano,-45.1,-73.17,2960
Macauley Island,Kermadec Is,Caldera,-30.2,-178.47,238
Macdonald,Austral Is-C Pacific,Submarine volcano,-28.98,-140.25,-39
Mach n,Colombia,Stratovolcano,4.48,-75.39,2650
Madeira,Azores,Shield volcano,32.73,-16.97,1862
Maderas,Nicaragua,Stratovolcano,11.45,-85.52,1394
Madilogo,New Guinea,Pyroclastic cone,-9.2,147.57,850
Mageik,Alaska Peninsula,Stratovolcano,58.2,-155.25,2165
Mahagnao,Philippines-C,Stratovolcano,10.9,125.87,860
Mahawu,Sulawesi-Indonesia,Stratovolcano,1.36,124.86,1324
Maipo,Chile-C,Caldera,-34.16,-69.83,5264
Makaturing,Mindanao-Philippines,Stratovolcano,7.65,124.32,1940
Makian,Halmahera-Indonesia,Stratovolcano,0.32,127.4,1357
Makushin,Aleutian Is,Stratovolcano,53.89,-166.92,1800
Malabar,Java,Stratovolcano,-7.13,107.65,2343
Malang Plain,Java,Maars,-8.02,112.68,680
"Malinche, La",Mexico,Stratovolcano,19.23,-98.03,4461
Malindang,Mindanao-Philippines,Stratovolcano,8.22,123.63,2404
Malindig,Luzon-Philippines,Stratovolcano,13.24,122.02,1157
Mallahle,Ethiopia,Stratovolcano,13.27,41.65,1875
Maly Payalpan,Kamchatka,Shield volcanoes,55.82,157.98,1802
Maly Semiachik,Kamchatka,Caldera,54.13,159.67,1560
Mammoth Mountain,US-California,Lava domes,37.63,-119.03,3369
Managlase Plateau,New Guinea,Volcanic field,-9.08,148.33,1342
Manam,New Guinea-NE of,Stratovolcano,-4.08,145.04,1807
Manda Hararo,Ethiopia,Shield volcanoes,12.17,40.82,600
Manda-Inakir,Ethiopia,Fissure vents,12.38,42.2,600
Mandalagan,Philippines-C,Complex volcano,10.65,123.25,1885
Manengouba,Africa-W,Stratovolcano,5.03,9.83,2411
Manuk,Banda Sea,Stratovolcano,-5.53,130.29,282
Manzaz Volc Field,Africa-N,Scoria cones,23.92,5.83,1672
Marapi,Sumatra,Complex volcano,-0.38,100.47,2891
Marchena,Gal pagos,Shield volcano,0.33,-90.47,343
Mare,Halmahera-Indonesia,Stratovolcano,0.57,127.4,308
"Marha, Jabal el-",Arabia-S,Tuff cone,15.25,44.24,2506
Mariana Islands,Mariana Is-C Pacific,Island Arc,,,
"Mari aqui, Laguna",Chile-C,Cinder cones,-38.27,-71.1,2143
Marion Island,Indian O.-S,Shield volcanoes,-46.9,37.75,1230
Mariveles,Luzon-Philippines,Stratovolcano,14.52,120.47,1388
Markagunt Plateau,US-Utah,Volcanic field,37.58,-112.67,2840
Maroa,New Zealand,Calderas,-38.42,176.08,1156
"Marra, Jebel",Africa-N,Volcanic field,12.95,24.27,3042
Marsabit,Africa-E,Shield volcano,2.32,37.97,1707
Martin,Alaska Peninsula,Stratovolcano,58.17,-155.36,1863
Masaraga,Luzon-Philippines,Stratovolcano,13.32,123.6,1328
Masaya,Nicaragua,Caldera,11.98,-86.16,635
Mascota Volc Field,Mexico,Cinder cones,20.62,-104.83,2560
Mashkovtsev,Kamchatka,Stratovolcano,51.1,156.72,503
Mashu,Hokkaido-Japan,Caldera,43.57,144.57,855
Mat Ala,Ethiopia,Shield volcano,13.1,41.15,523
Matthew Island,SW Pacific,Stratovolcano,-22.33,171.32,177
Matutum,Mindanao-Philippines,Stratovolcano,6.37,125.07,2286
Maug Islands,Mariana Is-C Pacific,Stratovolcano,20.02,145.22,227
"Maule, Laguna del",Chile-C,Caldera,-36.02,-70.58,3092
Mauna Kea,Hawaiian Is,Shield volcano,19.82,-155.47,4205
Mauna Loa,Hawaiian Is,Shield volcano,19.48,-155.61,4170
Mayon,Luzon-Philippines,Stratovolcano,13.26,123.69,2462
Mayor Island,New Zealand,Shield volcano,-37.28,176.25,355
May-ya-moto,Africa-C,Fumarole field,-0.93,29.33,950
McDonald Islands,Indian O.-S,Complex volcano,-53.03,72.6,230
"McLoughlin, Mount",US-Oregon,Lava Cone,42.4,-122.3,2894
Meager,Canada,Complex volcano,50.63,-123.5,2680
Medicine Lake,US-California,Shield volcano,41.61,-121.55,2412
Medvezhia,Kuril Is,Somma volcano,45.39,148.84,1125
Mega Basalt Field,Ethiopia,Pyroclastic cones,4.08,37.42,1067
Megata,Honshu-Japan,Maars,39.95,139.73,291
Mehetia,Society Is-C Pacific,Stratovolcano,-17.87,-148.07,435
Meidob Volc Field,Africa-N,Scoria cones,15.32,26.47,2000
Melbourne,Antarctica,Stratovolcano,-74.35,164.7,2732
Melimoyu,Chile-S,Stratovolcano,-44.08,-72.88,2400
Menan Buttes,US-Idaho,Tuff cone,43.6,-111.5,1713
Mendeleev,Kuril Is,Stratovolcano,43.98,145.74,888
Menengai,Africa-E,Shield volcano,-0.2,36.07,2278
Mentolat,Chile-S,Stratovolcano,-44.7,-73.08,1660
Merapi,Java,Stratovolcano,-7.54,110.44,2968
Merbabu,Java,Stratovolcano,-7.45,110.43,3145
Mere Lava,Vanuatu-SW Pacific,Stratovolcano,-14.45,168.05,1028
Meru,Africa-E,Stratovolcano,-3.25,36.75,4565
Methana,Greece,Lava domes,37.62,23.34,760
Metis Shoal,Tonga-SW Pacific,Submarine volcano,-19.18,-174.87,43
Mezhdusopochny,Kamchatka,Shield volcano,57.47,160.25,1641
Michael,Antarctica,Stratovolcano,-57.78,-26.45,990
Michoac n-Guanajuato,Mexico,Cinder cones,19.85,-101.75,3860
Middle Gobi,Mongolia,Cinder cones,45.28,106.7,1120
Mikura-jima,Izu Is-Japan,Stratovolcano,33.87,139.61,851
Milbanke Sound Group,Canada,Cinder cones,52.5,-128.73,335
Milne,Kuril Is,Somma volcano,46.82,151.78,1540
M los,Greece,Stratovolcanoes,36.7,24.44,751
Minami Kasuga,Volcano Is-Japan,Submarine volcano,21.6,143.64,-274
Minami-Hiyoshi,Volcano Is-Japan,Submarine volcano,23.5,141.94,-30
Minchinm vida,Chile-S,Stratovolcano,-42.79,-72.44,2404
Mi iques,Chile-N,Stratovolcanoes,-23.82,-67.77,5910
Miravalles,Costa Rica,Stratovolcano,10.75,-85.15,2028
"Misti, El",Peru,Stratovolcano,-16.29,-71.41,5822
Miyake-jima,Izu Is-Japan,Stratovolcano,34.08,139.53,815
Mocho-Choshuenco,Chile-C,Stratovolcanoes,-39.93,-72.03,2422
Moffett,Aleutian Is,Stratovolcano,51.94,-176.75,1196
Mojanda,Ecuador,Stratovolcanoes,0.13,-78.27,4263
Mokuyo Seamount,Izu Is-Japan,Submarine volcano,28.32,140.57,-920
Mombacho,Nicaragua,Stratovolcano,11.83,-85.97,1344
Momotombo,Nicaragua,Stratovolcano,12.42,-86.54,1297
Monaco Bank,Azores,Submarine volcano,37.6,-25.88,-197
Mono Craters,US-California,Lava domes,37.88,-119,2796
Mono Lake Volc Field,US-California,Cinder cones,38,-119.03,2121
Monowai Seamount,Kermadec Is,Submarine volcano,-25.89,-177.19,-100
Montagu Island,Antarctica,Shield volcano,-58.42,-26.33,1370
Moti,Halmahera-Indonesia,Stratovolcano,0.45,127.4,950
Motlav,Vanuatu-SW Pacific,Stratovolcano,-13.67,167.67,411
Moua Pihaa,Society Is-C Pacific,Submarine volcano,-18.32,-148.67,-160
Mousa Alli,Ethiopia,Stratovolcano,12.47,42.4,2028
Moyuta,Guatemala,Stratovolcano,14.03,-90.1,1662
Muhavura,Africa-C,Stratovolcano,-1.38,29.67,4127
Mundua,New Britain-SW Pac,Complex volcano,-4.63,149.35,179
Muria,Java,Stratovolcano,-6.62,110.88,1625
Musa River,New Guinea,Hydrothermal field,-9.31,148.13,808
Musuan,Mindanao-Philippines,Lava dome,7.88,125.07,646
Mutnovsky,Kamchatka,Complex volcano,52.45,158.2,2322
Myojin Knoll,Izu Is-Japan,Submarine volcano,32.1,139.85,360
Myoko,Honshu-Japan,Stratovolcano,36.89,138.12,2446
Nabro,Ethiopia,Stratovolcano,13.37,41.7,2218
Nabukelevu,Fiji Is-SW Pacific,Lava domes,-19.12,177.98,805
Nakano-shima,Ryukyu Is,Stratovolcanoes,29.86,129.86,979
Namarunu,Africa-E,Shield volcano,1.98,36.43,817
Nantai,Honshu-Japan,Stratovolcano,36.76,139.49,2486
Naolinco Volc Field,Mexico,Pyroclastic cones,19.67,-96.75,2000
Narcondum,Andaman Is-Indian O,Stratovolcano,13.43,94.28,710
Narugo,Honshu-Japan,Caldera,38.73,140.73,470
Nasu,Honshu-Japan,Stratovolcanoes,37.12,139.97,1915
Natib,Luzon-Philippines,Stratovolcano,14.72,120.4,1253
Navajo Volcanic Field,US-Arizona,Volcanic field,,,
Nazko,Canada,Cinder cones,52.9,-123.73,1230
Ndete Napu,Lesser Sunda Is,Fumarole field,-8.72,121.78,750
"Negra, Sierra",Gal pagos,Shield volcano,-0.83,-91.17,1124
"Negrillar, El",Chile-N,Pyroclastic cones,-24.18,-68.25,3500
"Negrillar, La",Chile-N,Pyroclastic cones,-24.28,-68.6,4109
"Negro de Mayasquer, Cerro",Colombia,Stratovolcano,0.83,-77.96,4445
"Negro, Cerro",Nicaragua,Cinder cones,12.51,-86.7,728
Nejapa-Miraflores,Nicaragua,Fissure vents,12.12,-86.32,360
Nemo Peak,Kuril Is,Caldera,49.57,154.81,1018
Nemrut Dagi,Turkey,Stratovolcano,38.65,42.23,2948
"Nevada, Sierra",Chile-N,Complex volcano,-26.48,-68.58,6127
Nevis Peak,W Indies,Stratovolcano,17.15,-62.58,985
Newberry,US-Oregon,Shield volcano,43.72,-121.23,2434
Newer Volcanics Prov,Australia,Shield volcanoes,-37.77,142.5,1011
Ngaoundere Plateau,Africa-W,Volcanic field,7.25,13.67,
Ngozi,Africa-E,Caldera,-8.97,33.57,2622
"Nicholson, Cerro",Peru,Cinder cone,-16.26,-71.73,2520
Nieuwerkerk,Banda Sea,Submarine volcano ?,-6.6,124.68,-2285
Niigata-Yake-yama,Honshu-Japan,Lava dome,36.92,138.04,2400
Nii-jima,Izu Is-Japan,Lava domes,34.39,139.27,432
Nikko,Volcano Is-Japan,Submarine volcano,23.08,142.31,-391
Nikko-Shirane,Honshu-Japan,Shield volcano,36.8,139.38,2578
Nila,Banda Sea,Stratovolcano,-6.73,129.5,781
Nipesotsu-Maruyama,Hokkaido-Japan,Stratovolcanoes,43.45,143.04,2013
Niseko,Hokkaido-Japan,Stratovolcanoes,42.88,140.63,1154
Nishino-shima,Volcano Is-Japan,Caldera,27.27,140.88,38
Nisyros,Greece,Stratovolcano,36.59,27.16,698
Niuafo'ou,Tonga-SW Pacific,Shield volcano,-15.6,-175.63,260
Norikura,Honshu-Japan,Stratovolcanoes,36.1,137.56,3026
North Gorda Ridge,Pacific-NE,Submarine volcano,42.67,-126.78,-3000
North Island,Africa-E,Tuff cones,4.07,36.05,520
North Sister Field,US-Oregon,Complex volcano,44.17,-121.77,3074
North Vate,Vanuatu-SW Pacific,Stratovolcanoes,-17.47,168.35,594
Northern EPR-Segment RO2,Pacific-E,Submarine volcano,16.55,-105.32,-2700
Northern EPR-Segment RO3,Pacific-E,Submarine volcano,15.83,-105.43,-2300
Nosy-Be,Madagascar,Cinder cones,-13.32,48.48,214
Novarupta,Alaska Peninsula,Caldera,58.27,-155.16,841
Nuevo Mundo,Bolivia,Lava domes,-19.78,-66.48,5438
Numazawa,Honshu-Japan,Shield volcano,37.45,139.58,1100
Nunivak Island,Alaska-W,Shield volcano,60.02,-166.33,511
NW Eifuku,Volcano Is-Japan,Submarine volcano,21.49,144.04,-1535
NW Rota-1,Mariana Is-C Pacific,Submarine volcano,14.6,144.78,-517
Nyambeni Hills,Africa-E,Shield volcano,0.23,37.87,750
Nyamuragira,Africa-C,Shield volcano,-1.41,29.2,3058
Nyiragongo,Africa-C,Stratovolcano,-1.52,29.25,3470
Nylgimelkin,Kamchatka,Shield volcanoes,57.97,160.65,1764
O'a Caldera,Ethiopia,Caldera,7.47,38.58,2075
Oahu Island,US-Hawaii,,,,
Ofu-Olosega,Samoa-SW Pacific,Shield volcanoes,-14.18,-169.62,639
"Ojos del Salado, Nevados",Chile-N,Stratovolcano,-27.12,-68.55,6887
Oka Plateau,Russia-SE,Cinder cones,52.7,98.98,2077
Okataina,New Zealand,Lava domes,-38.12,176.5,1111
Oki-Dogo,Honshu-Japan,Shield volcano,36.18,133.33,151
Okmok,Aleutian Is,Shield volcano,53.43,-168.13,1073
Oku Volc Field,Africa-W,Stratovolcano,6.25,10.5,3011
Ol Doinyo Lengai,Africa-E,Stratovolcano,-2.77,35.91,2962
Ol Kokwe,Africa-E,Shield volcano,0.62,36.08,1130
Olca-Paruma,Chile-N,Stratovolcanoes,-20.93,-68.48,5407
Olkaria,Africa-E,Pumice cones,-0.9,36.29,2434
Olkoviy Volc Group,Kamchatka,Volcanic field,52.02,157.53,681
Ollag e,Chile-N,Stratovolcano,-21.3,-68.18,5868
Olot Volc Field,Spain,Pyroclastic cones,42.17,2.53,893
Omanago Group,Honshu-Japan,Lava domes,36.79,139.51,2367
On-take,Honshu-Japan,Complex volcano,35.89,137.48,3063
Opala,Kamchatka,Caldera,52.54,157.34,2475
 raefaj kull,Iceland-SE,Stratovolcano,64,-16.65,2119
"Orizaba, Pico de",Mexico,Stratovolcano,19.03,-97.27,5675
Oros ,Costa Rica,Stratovolcanoes,10.98,-85.47,1659
Oshima,Izu Is-Japan,Stratovolcano,34.72,139.4,764
Oshima-Oshima,Hokkaido-Japan,Stratovolcano,41.51,139.37,737
Osore-yama,Honshu-Japan,Stratovolcano,41.28,141.12,879
Osorno,Chile-S,Stratovolcano,-41.1,-72.49,2652
Ostanets,Kamchatka,Shield volcanoes,52.15,157.32,719
Ostry,Kamchatka,Stratovolcano,58.18,160.82,2552
Otdelniy,Kamchatka,Shield volcanoes,52.22,157.43,791
"Overo, Cerro",Chile-N,Maar,23.52,-67.67,4555
Ozernoy,Kamchatka,Shield volcano,51.88,157.38,562
Pacaya,Guatemala,Complex volcano,14.38,-90.6,2552
Paco,Mindanao-Philippines,Stratovolcano,9.59,125.52,524
Pagan,Mariana Is-C Pacific,Stratovolcanoes,18.13,145.8,570
Pago,New Britain-SW Pac,Caldera,-5.58,150.52,742
Paka,Africa-E,Shield volcano,0.92,36.18,1697
Palei-Aike Volc Field,Chile-S,Cinder cones,-52,-70,282
Palena Volc Group,Chile-S,Cinder cones,-43.78,-72.47,
Palomo,Chile-C,Stratovolcano,-34.61,-70.3,4860
Paluweh,Lesser Sunda Is,Stratovolcano,-8.32,121.71,875
Pampa Luxsar,Bolivia,Volcanic field,-20.85,-68.2,5543
Panarea,Italy,Stratovolcano,38.63,15.07,421
Pantelleria,Italy,Shield volcano,36.77,12.02,836
"Pantoja, Cerro",Chile-C,Stratovolcano,-40.77,-71.95,2024
Papandayan,Java,Stratovolcanoes,-7.32,107.73,2665
Papayo,Mexico,Lava dome,19.31,-98.7,3600
Paracutin,Mexico,Cinder cone,19.5,-102.2,3170
Parinacota,Chile-N,Stratovolcano,-18.17,-69.15,6348
Parker,Mindanao-Philippines,Stratovolcano,6.11,124.89,1824
Patah,Sumatra,Unknown,-4.27,103.3,2817
Patoc,Luzon-Philippines,Stratovolcano,17.15,120.98,1865
Patuha,Java,Stratovolcano,-7.16,107.4,2434
Paulet,Antarctica,Cinder cone,-63.58,-55.77,353
Pauzhetka,Kamchutka,Caldera,51.43,156.93,1331
Pavlof,Alaska Peninsula,Stratovolcano,55.42,-161.89,2519
Pavlof Sister,Alaska Peninsula,Stratovolcano,55.45,-161.84,2142
Pay n Matru,Argentina,Shield volcano,-36.42,-69.2,3680
Peinado,Argentina,Stratovolcano,-26.62,-68.15,5740
Pel e,W Indies,Stratovolcano,14.82,-61.17,1397
Penanggungan,Java,Stratovolcano,-7.62,112.63,1653
Pendan,Sumatra,Unknown,-2.82,102.02,
Penguin Island,Antarctica,Stratovolcano,-62.1,-57.93,180
Perbakti-Gagak,Java,Stratovolcanoes,-6.75,106.7,1699
Petacas,Colombia,Lava dome,1.57,-76.78,4054
Peter I Island,Antarctica,Shield volcano,-68.85,-90.58,1640
Peuet Sague,Sumatra,Complex volcano,4.91,96.33,2801
Pico,Azores,Stratovolcano,38.47,-28.4,2351
Picos Volc System,Azores,Pyroclastic cones,37.78,-25.67,350
Piip,Kamchatka-E of,Submarine volcano,55.42,167.33,-300
"Pilas, Las",Nicaragua,Complex volcano,12.5,-86.69,1088
Pinacate,Mexico,Cinder cones,31.77,-113.5,1200
Pinatubo,Luzon-Philippines,Stratovolcano,15.13,120.35,1486
Pinta,Gal pagos,Shield volcano,0.58,-90.75,780
Piratkovsky,Kamchatka,Stratovolcano,52.11,157.85,1322
Pisgah Lava Field,US-California,Lava Field,34.75,-115.38,774
Planch n-Peteroa,Chile-C,Stratovolcanoes,-35.24,-70.57,4107
"Plat Pays, Morne",W Indies,Stratovolcano,15.26,-61.34,940
Platanar,Costa Rica,Stratovolcanoes,10.3,-84.37,2267
"Pleiades, The",Antarctica,Stratovolcano,-72.67,165.5,3040
Plosky,Kamchatka,Shield volcano,55.2,158.47,1236
Plosky,Kamchatka,Shield volcano,57.83,160.25,1255
Po s,Costa Rica,Stratovolcano,10.2,-84.23,2708
Pocdol Mountains,Luzon-Philippines,Compound volcano,13.05,123.96,1102
Poco Leok,Lesser Sunda Is,Stratovolcano,-8.68,120.48,1675
Pogranychny,Kamchatka,Shield volcanoes,56.85,159.8,1427
Popa,SE Asia,Stratovolcano,20.92,95.25,1518
Popocat petl,Mexico,Stratovolcanoes,19.02,-98.62,5426
Porak,Armenia,Stratovolcano,40.02,45.78,2800
"Possession, Ile de la",Indian O.-S,Stratovolcano,-46.42,51.75,934
Prestahnukur,Iceland-SW,Subglacial volcano,64.6,-20.58,1390
Prevo Peak,Kuril Is,Stratovolcano,47.02,152.12,1360
"Prieto, Cerro",Mexico,Lava dome,32.42,-115.31,223
Prince Edward Island,Indian O.,Shield volcano,-46.63,37.95,672
Protector Shoal,Antarctica,Submarine volcano,-55.92,-28.08,-27
Puesto Cortaderas,Argentina,Pyroclastic cone,-37.57,-69.62,970
Pular,Chile-N,Stratovolcanoes,-24.19,-68.05,6233
Pulosari,Java,Stratovolcano,-6.34,105.98,1346
Pululagua,Ecuador,Caldera,0.04,-78.46,3356
Puntiagudo-Cord n Cenizos,Chile-C,Stratovolcano,-40.97,-72.26,2493
Purac ,Colombia,Stratovolcanoes,2.32,-76.4,4650
Purico Complex,Chile-N,Pyroclastic shield,-23,-67.75,5703
Putana,Chile-N,Stratovolcano,-22.55,-67.85,5890
Puyehue-Cord n Caulle,Chile-C,Stratovolcano,-40.59,-72.12,2236
Puyuhuapi,Chile-S,Cinder cones,-44.3,-72.53,524
Qal'eh Hasan Ali,Iran,Maars,29.4,57.57,
Qualibou,W Indies,Caldera,13.83,-61.05,777
Quetrupillan,Chile-C,Stratovolcano,-39.5,-71.7,2360
Quezaltepeque,Guatemala,Volcanic field,14.57,-89.45,1200
"Quill, The",W Indies,Stratovolcano,17.48,-62.96,601
Quilotoa,Ecuador,Caldera,-0.85,-78.9,3914
Quimsachata,Peru,Lava dome,-14.2,-71.33,3923
Rabaul,New Britain-SW Pac,Pyroclastic shield,-4.27,152.2,688
Ragang,Mindanao-Philippines,Stratovolcano,7.7,124.5,2815
"Rahah, Harrat ar",Arabia-W,Volcanic field,27.8,36.17,1950
"Rahat, Harrat",Arabia-W,Volcanic field,23.08,39.78,1744
Raikoke,Kuril Is,Stratovolcano,48.29,153.25,551
Rainier,US-Washington,Stratovolcano,46.85,-121.76,4392
Rajabasa,Sumatra,Stratovolcano,-5.78,105.63,1281
Ranakah,Lesser Sunda Is,Lava domes,-8.62,120.52,2350
Ranau,Sumatra,Caldera,-4.83,103.92,1881
Raoul Island,Kermadec Is,Stratovolcano,-29.27,-177.92,516
Rasshua,Kuril Is,Stratovolcano,47.77,153.02,956
Raung,Java,Stratovolcano,-8.13,114.04,3332
Rausu,Hokkaido-Japan,Stratovolcano,44.07,145.13,1660
Recheschnoi,Aleutian Is,Stratovolcano,53.16,-168.54,1984
Reclus,Chile-S,Cinder cone,-50.96,-73.59,1000
Redoubt,Alaska-SW,Stratovolcano,60.49,-152.74,3108
Reporoa,New Zealand,Caldera,-38.42,176.33,592
Resago,Chile-C,Cinder cone,-36.45,-70.92,1890
Reventador,Ecuador,Stratovolcano,-0.08,-77.66,3562
Reykjanes,Iceland-SW,Crater rows,63.88,-22.5,230
Reykjaneshryggur,Iceland-SW,Submarine volcanoes,63.67,-23.33,80
Rinc n de la Vieja,Costa Rica,Complex volcano,10.83,-85.32,1916
Rinjani,Lesser Sunda Is,Stratovolcano,-8.42,116.47,3726
R o Murta,Chile-S,Pyroclastic cones,-46.17,-72.67,
Risco Plateado,Argentina,Stratovolcano,-34.93,-70,4999
Rishiri,Hokkaido-Japan,Stratovolcano,45.18,141.25,1721
Ritter Island,New Guinea-NE of,Stratovolcano,-5.52,148.12,140
Robinson Crusoe,Chile-Is,Shield volcanoes,-33.66,-78.85,922
Robledo,Argentina,Caldera,-26.77,-67.72,4400
Rocard,Society Is-C Pacific,Submarine volcano,-17.64,-148.6,-2100
Romanovka,Kamchatka,Stratovolcano,55.65,158.8,1442
Romeral,Colombia,Stratovolcano,5.21,-75.36,3858
Rota,Nicaragua,Stratovolcano,12.55,-86.75,832
Roundtop,Aleutian Is,Stratovolcano,54.8,-163.59,1871
Royal Society Range,Antarctica,Cinder cones,-78.25,163.33,3000
Ruang,Sangihe Is-Indonesia,Stratovolcano,2.3,125.37,725
Ruapehu,New Zealand,Stratovolcano,-39.28,175.57,2797
Ruby,Mariana Is-C Pacific,Submarine volcano,15.62,145.57,-230
Rudakov,Kuril Is,Stratovolcano,45.88,149.83,542
"Ruiz, Nevado del",Colombia,Stratovolcano,4.9,-75.32,5321
Rumble II West,New Zealand,Submarine volcano,-35.35,178.53,1200
Rumble III,New Zealand,Submarine volcano,-35.75,178.48,-220
Rumble IV,New Zealand,Submarine volcano,-36.13,178.05,500
Rumble V,New Zealand,Submarine volcano,-36.14,178.2,400
Rungwe,Africa-E,Stratovolcano,-9.13,33.67,2961
Saba,W Indies,Stratovolcano,17.63,-63.23,887
Sabalan,Iran,Stratovolcano,38.25,47.92,4811
Sabancaya,Peru,Stratovolcanoes,-15.78,-71.85,5967
Sahand,Iran,Stratovolcano,37.75,46.43,3707
Sairecabur,Chile-N,Stratovolcanoes,-22.72,-67.89,5971
Sakar,New Guinea-NE of,Stratovolcano,-5.41,148.09,992
Sakura-jima,Kyushu-Japan,Stratovolcano,31.59,130.66,1117
Salak,Java,Stratovolcano,-6.72,106.73,2211
San Borja Volc Field,Mexico,Cinder cones,28.5,-113.75,1360
San Carlos,Africa-W,Shield volcano,3.35,8.52,2260
San Crist bal,Nicaragua,Stratovolcano,12.7,-87,1745
San Crist bal,Gal pagos,Shield volcano,-0.88,-89.5,759
San Diego,El Salvador,Volcanic field,14.27,-89.48,781
San F lix,Chile-Is,Shield volcano,-26.28,-80.12,193
San Joaquin,Africa-W,Shield volcano,3.35,8.63,2009
San Jorge,Azores,Fissure vent,38.65,-28.08,1053
San Jos ,Chile-C,Stratovolcano,-33.78,-69.9,5856
"San Luis, Isla",Mexico,Tuff cone,29.97,-114.4,180
San Mart n,Mexico,Shield volcano,18.57,-95.2,1650
San Miguel,El Salvador,Stratovolcano,13.43,-88.27,2130
San Pablo Volc Field,Luzon-Philippines,Stratovolcano,14.12,121.3,1090
San Pedro,Chile-N,Stratovolcanoes,-21.88,-68.4,6145
San Pedro-Pellado,Chile-C,Stratovolcanoes,-35.99,-70.85,3621
San Quint n Volc Field,Mexico,Cinder cones,30.47,-116,260
San Salvador,El Salvador,Stratovolcano,13.73,-89.29,1893
San Vicente,El Salvador,Stratovolcano,13.6,-88.84,2182
Sanbe,Honshu-Japan,Stratovolcano,35.13,132.62,1126
Sand Mountain Field,US-Oregon,Cinder cones,44.38,-121.93,1664
Sanford,Alaska-E,Shield volcano,62.22,-144.13,4949
Sangang ey,Mexico,Stratovolcano,21.45,-104.73,2340
Sangay,Ecuador,Stratovolcano,-2,-78.34,5230
Sangeang Api,Lesser Sunda Is,Complex volcano,-8.2,119.07,1949
"Sano, Wai",Lesser Sunda Is,Caldera,-8.72,120.02,903
Santa Ana,El Salvador,Stratovolcano,13.85,-89.63,2381
Santa Clara,US-Utah,Volcanic field,37.26,-113.63,1465
Santa Cruz,Gal pagos,Shield volcano,-0.62,-90.33,864
Santa Isabel,Africa-W,Shield volcano,3.58,8.75,3007
Santa Isabel,Colombia,Shield volcano,4.82,-75.37,4950
Santa Mar a,Guatemala,Stratovolcano,14.76,-91.55,3772
Santiago,Gal pagos,Shield volcano,-0.22,-90.77,920
"Santiago, Cerro",Guatemala,Volcanic field,14.33,-89.87,1192
Santo Tomas,Luzon-Philippines,Stratovolcano,16.33,120.55,2260
Santorini,Greece,Shield volcanoes,36.4,25.4,367
Sao Tome,Africa-W,Shield volcano,0.2,6.58,2024
Sao Vicente,Cape Verde Is,Stratovolcano,16.85,-24.97,725
Sara Sara,Peru,Stratovolcano,-15.33,-73.45,5522
Sarigan,Mariana Is-C Pacific,Stratovolcano,16.71,145.78,538
Sarik-Gajah,Sumatra,Pyroclastic cones,0.08,100.2,
Sarychev Peak,Kuril Is,Stratovolcano,48.09,153.2,1496
Satah Mountain,Canada,Volcanic field,52.47,-124.7,1921
Savai'i,Samoa-SW Pacific,Shield volcano,-13.61,-172.53,1858
Savo,Solomon Is-SW Pacific,Stratovolcano,-9.13,159.82,485
"Saw d, Harra es-",Arabia-S,Volcanic field,13.58,46.12,1737
Schmidt,Kamchatka,Shield volcano,54.92,160.63,2020
Seal Nunataks Group,Antarctica,Pyroclastic cones,-65.03,-60.05,368
Seamount X,Mariana Is-C Pacific,Submarine volcano,13.25,144.02,-1230
Sedankinsky,Kamchatka,Shield volcano,57.27,160.08,1241
Segererua Plateau,Africa-E,Pyroclastic cones,1.57,37.9,699
Seguam,Aleutian Is,Stratovolcanoes,52.32,-172.51,1054
Segula,Aleutian Is,Stratovolcano,52.02,178.14,1160
Sekincau Belirang,Sumatra,Calderas,-5.12,104.32,1719
Semeru,Java,Stratovolcano,-8.11,112.92,3676
Semisopochnoi,Aleutian Is,Stratovolcano,51.93,179.58,1221
Sempu,Sulawesi-Indonesia,Caldera,1.13,124.76,1549
Serd n-Oriental,Mexico,Tuff cones,19.27,-97.47,3485
Sergief,Aleutian Is,Stratovolcano,52.05,-174.95,560
Serua,Banda Sea,Stratovolcano,-6.3,130,641
Sessagara,New Guinea,Pyroclastic cones,-9.48,149.13,370
Sete Cidades,Azores,Stratovolcano,37.87,-25.78,856
Seulawah Agam,Sumatra,Stratovolcano,5.45,95.66,1810
Severny,Kamchatka,Shield volcano,58.28,160.87,1936
Sharat Kovakab,Syria,Volcanic field,36.53,40.85,534
Shasta,US-California,Stratovolcano,41.41,-122.19,4317
Shiga,Honshu-Japan,Shield volcanoes,36.69,138.52,2041
Shikaribetsu Group,Hokkaido-Japan,Lava domes,43.31,143.1,1401
Shikotsu,Hokkaido-Japan,Caldera,42.69,141.38,1320
Shiretoko-Iwo-zan,Hokkaido-Japan,Stratovolcano,44.13,145.17,1563
Shiribetsu,Hokkaido-Japan,Stratovolcano,42.77,140.92,1107
Shirinki,Kuril Is,Stratovolcano,50.2,154.98,761
Shishaldin,Aleutian Is,Stratovolcano,54.76,-163.97,2857
Shisheika,Kamchatka,Lava dome,57.15,161.08,379
Shishel,Kamchatka,Shield volcano,57.45,160.37,2525
Shiveluch,Kamchatka,Stratovolcano,56.65,161.36,3283
Shoshone Lava Field,US-Idaho,Shield volcano,43.18,-114.35,1478
Sibayak,Sumatra,Stratovolcanoes,3.23,98.52,2212
Sibualbuali,Sumatra,Stratovolcano,1.56,99.26,1819
Sikhote-Alin,Russia-SE,Volcanic field,47,137.5,
Silali,Africa-E,Shield volcano,1.15,36.23,1528
Silay,Philippines-C,Stratovolcano,10.77,123.23,1510
Silver Lake,US-California,Cinder cones,40.73,-121.84,1535
Silverthrone,Canada,Caldera,51.43,-126.3,3160
Simbo,Solomon Is-SW Pacific,Stratovolcanoes,-8.29,156.52,335
Sinabung,Sumatra,Stratovolcano,3.17,98.39,2460
Sinarka,Kuril Is,Stratovolcano,48.88,154.18,934
Singu Plateau,SE Asia,Fissure vents,22.7,95.98,507
"Sing il, Cerro",El Salvador,Cinder cones,14.05,-89.65,957
Siple,Antarctica,Shield volcano,-73.43,-126.67,3110
Sirung,Lesser Sunda Is,Complex volcano,-8.51,124.13,862
Sisters,US-Oregon,Complex volcano,44.1,121.75,3158
Slamet,Java,Stratovolcano,-7.24,109.21,3428
Smirnov,Kuril Is,Stratovolcano,44.42,146.14,1189
Smith Rock,Izu Is-Japan,Submarine volcano,31.44,140.05,136
Snaefellsj kull,Iceland-W,Stratovolcano,64.8,-23.78,1448
Snegovoy,Kamchatka,Shield volcano,58.2,160.97,2169
Snezhniy,Kamchatka,Shield volcano,58.02,160.8,2169
Snowy Mountain,Alaska Peninsula,Stratovolcanoes,58.34,-154.68,2162
Soche,Ecuador,Stratovolcano,0.55,-77.58,3955
Socompa,Chile-N,Stratovolcano,-24.4,-68.25,6051
Socorro,Mexico-Is,Shield volcano,18.78,-110.95,1050
Soda Lakes,US-Nevada,Maars,39.53,-118.87,1251
Sodore,Ethiopia,Pyroclastic cones,8.43,39.35,1765
Sofugan,Izu Is-Japan,Stratovolcano,29.79,140.35,99
Sollipulli,Chile-C,Caldera,-38.97,-71.52,2282
"Solo, El",Chile-N,Stratovolcano,-27.11,-68.72,6190
Soputan,Sulawesi-Indonesia,Stratovolcano,1.11,124.73,1784
Sorikmarapi,Sumatra,Stratovolcano,0.69,99.54,2145
Sork Ale,Ethiopia,Stratovolcano,13.18,41.73,1611
Sotar ,Colombia,Stratovolcano,2.11,-76.59,4400
Soufri re Guadeloupe,W Indies,Stratovolcano,16.05,-61.67,1467
Soufri re Hills,W Indies,Stratovolcano,16.72,-62.18,915
Soufri re St. Vincent,W Indies,Stratovolcano,13.33,-61.18,1220
South Island,Africa-E,Stratovolcano,2.63,36.6,800
South Sister,US-Oregon,Complex volcano,44.1,-121.77,3157
Southern EPR-Segment I,Pacific-E,Submarine volcano,-18.53,-113.42,-2600
Southern EPR-Segment J,Pacific-E,Submarine volcano,-18.18,-113.35,-2650
Southern EPR-Segment K,Pacific-E,Submarine volcano,-17.44,-113.21,-2566
SP Mountain,US-Arizona,Cinder Cone,35.6,-111.6,2141
Spectrum Range,Canada,Shield volcano,57.43,-130.68,2430
Spokoiny,Kamchatka,Stratovolcano,58.13,160.82,2171
Spurr,Alaska-SW,Stratovolcano,61.3,-152.25,3374
Squaw Ridge Lava Field,US-Oregon,Volcanic field,43.47,-120.75,1711
Srednii,Kuril Is,Submarine volcano,47.6,152.92,36
St. Andrew Strait,Admiralty Is-SW Pacific,Complex volcano,-2.38,147.35,270
St. Catherine,W Indies,Stratovolcano,12.15,-61.67,840
St. Helens,US-Washington,Stratovolcano,46.2,-122.18,2549
St. Michael,Alaska-W,Shield volcanoes,63.45,-162.12,715
St. Paul,Indian O.-S,Stratovolcano,-38.72,77.53,268
St. Paul Island,Alaska-W,Shield volcano,57.18,-170.3,203
Steller,Alaska Peninsula,Stratovolcano,58.43,-154.4,2272
Stepovak,Alaska Peninsula,Cinder cones,55.93,-160,1555
Stromboli,Italy,Stratovolcano,38.79,15.21,924
Sturge Island,Antarctica,Stratovolcano,-67.4,164.83,1167
Suchit n,Guatemala,Stratovolcanoes,14.4,-89.78,2042
S phan Dagi,Turkey,Stratovolcano,38.92,42.82,4158
Suiyo Seamount,Izu Is-Japan,Submarine volcano,28.6,140.63,-1418
Sukaria Caldera,Lesser Sunda Is,Caldera,-8.79,121.77,1500
Sulu Range,New Britain-SW Pac,Stratovolcanoes,-5.5,150.94,610
Sumaco,Ecuador,Stratovolcano,-0.54,-77.63,3990
Sumbing,Sumatra,Stratovolcano,-2.41,101.73,2507
Sumbing,Java,Stratovolcano,-7.38,110.07,3371
Sumiyoshi-ike,Kyushu-Japan,Maars,31.77,130.59,100
Sundoro,Java,Stratovolcano,-7.3,109.99,3136
Sunset Crater,US-Arizona,Cinder cone,35.37,-111.5,2447
Suoh,Sumatra,Calderas,-5.25,104.27,1000
Supply Reef,Mariana Is-C Pacific,Submarine volcano,20.13,145.1,-8
Suretamatai,Vanuatu-SW Pacific,Complex volcano,-13.8,167.47,921
Suswa,Africa-E,Shield volcano,-1.18,36.35,2356
Suwanose-jima,Ryukyu Is,Stratovolcanoes,29.64,129.72,799
SW Usangu Basin,Africa-E,Lava domes,-8.75,33.8,2179
Taal,Luzon-Philippines,Caldera,14,120.99,311
Taapaca,Chile-N,Complex volcano,-18.1,-69.5,5860
Table Top-Wide Bay,Aleutian Is,Cinder cones,53.97,-166.68,792
Taburete,El Salvador,Stratovolcano,13.44,-88.53,1172
Tacan ,Mexico,Stratovolcano,15.13,-92.11,4060
Tacora,Chile-N,Stratovolcano,-17.72,-69.77,5980
Tafahi,Tonga-SW Pacific,Stratovolcano,-15.85,-173.72,560
Taftan,Iran,Stratovolcano,28.6,61.13,3940
Tahalra Volc Field,Africa-N,Pyroclastic cones,22.67,5,1467
Tahual,Guatemala,Stratovolcano,14.43,-89.9,1716
"Tair, Jebel at",Red Sea,Stratovolcano,15.55,41.83,244
Tajumulco,Guatemala,Stratovolcano,15.03,-91.9,4220
Takahara,Honshu-Japan,Stratovolcano,36.9,139.78,1795
Takahe,Antarctica,Shield volcano,-76.28,-112.08,3460
Takawangha,Aleutian Is,Stratovolcano,51.87,-178.01,1449
Takuan Group,Bougainville-SW Pacific,Volcanic complex,-6.44,155.61,2210
Talagabodas,Java,Stratovolcano,-7.21,108.07,2201
Talakmau,Sumatra,Complex volcano,0.08,99.98,2919
Talang,Sumatra,Stratovolcano,-0.98,100.68,2597
Tambo Quemado,Bolivia,Pyroclastic shield,-18.62,-68.75,4215
Tambora,Lesser Sunda Is,Stratovolcano,-8.25,118,2850
Tampomas,Java,Stratovolcano,-6.77,107.95,1684
Tana,Aleutian Is,Stratovolcanoes,52.83,-169.77,1170
Tanaga,Aleutian Is,Stratovolcanoes,51.89,-178.15,1806
Tandikat,Sumatra,Stratovolcanoes,-0.43,100.32,2438
Tangaroa,New Zealand,Submarine volcano,-36.32,178.03,600
Tangkubanparahu,Java,Stratovolcano,-6.77,107.6,2084
Tao-Rusyr Caldera,Kuril Is,Stratovolcano,49.35,154.7,1325
"Tara, Batu",Lesser Sunda Is,Stratovolcano,-7.79,123.58,748
Tarakan,Halmahera-Indonesia,Pyroclastic cones,1.83,127.83,318
Taryatu-Chulutu,Mongolia,Volcanic field,48.17,99.7,2400
Tat Ali,Ethiopia,Shield volcano,13.28,41.07,700
Tata Sabaya,Bolivia,Stratovolcano,-19.13,-68.53,5430
Tateshina,Honshu-Japan,Stratovolcanoes,36.1,138.3,2530
Tate-yama,Honshu-Japan,Stratovolcano,36.57,137.59,2621
Ta'u,Samoa-SW Pacific,Shield volcano,-14.23,-169.45,931
Taunshits,Kamchatka,Stratovolcano,54.53,159.8,2353
Taupo,New Zealand,Caldera,-38.82,176,760
Taveuni,Fiji Is-SW Pacific,Shield volcano,-16.82,-179.97,1241
Tavui,New Britain-SW Pac,Caldera,-4.12,152.2,200
Teahitia,Society Is-C Pacific,Submarine volcano,-17.57,-148.85,-1400
Tecapa,El Salvador,Stratovolcano,13.49,-88.5,1593
Tecuamburro,Guatemala,Stratovolcano,14.16,-90.41,1845
Telica,Nicaragua,Stratovolcanoes,12.6,-86.85,1061
Telomoyo,Java,Stratovolcano,-7.37,110.4,1894
"Telong, Bur ni",Sumatra,Stratovolcano,4.77,96.82,2617
Tend rek Dagi,Turkey,Shield volcano,39.37,43.87,3584
Tenerife,Canary Is,Stratovolcano,28.27,-16.64,3715
Tengchong,SE Asia,Pyroclastic cones,25.23,98.5,2865
Tengger Caldera,Java,Stratovolcanoes,-7.94,112.95,2329
Tenorio,Costa Rica,Stratovolcanoes,10.67,-85.02,1916
Teon,Banda Sea,Stratovolcano,-6.92,129.13,655
Tepi,Ethiopia,Shield volcano,7.42,35.43,2728
Terceira,Azores,Stratovolcanoes,38.73,-27.32,1023
Terpuk,Kamchatka,Shield volcano,57.2,159.83,765
Theistareykjarbunga,Iceland-NE,Shield volcano,65.88,-16.83,564
Thompson Island,Atlantic-S,Submarine volcano ?,-53.93,5.5,
Three Fingered Jack,US-Oregon,Shield volcano,44.5,-121.8,2390
Thule Islands,Antarctica,Stratovolcanoes,-59.45,-27.37,1075
Tianshan Volc Group,China-W,Volcanic field,42.5,82.5,
Tiatia,Kuril Is,Stratovolcano,44.35,146.26,1819
Ticsani,Peru,Lava domes,-16.76,-70.6,5408
Tidore,Halmahera-Indonesia,Stratovolcano,0.66,127.4,1730
Tigalalu,Halmahera-Indonesia,Stratovolcano,0.07,127.42,422
"Tigre, El",El Salvador,Stratovolcano,13.47,-88.43,1640
"Tigre, Isla el",Honduras,Stratovolcano,13.27,-87.64,783
Tilocalar,Chile-N,Stratovolcanoes,-23.97,-68.13,3116
Tin Zaouatene Volc Field,Africa-N,Volcanic field,19.83,2.83,
Tinakula,Santa Cruz Is-SW Pacific,Stratovolcano,-10.38,165.8,851
Tindfjallaj kull,Iceland-S,Stratovolcano,63.78,-19.57,1463
Tinguiririca,Chile-C,Stratovolcano,-34.81,-70.35,4280
Tipas,Argentina,Complex volcano,-27.2,-68.55,6660
Titila,Kamchatka,Shield volcanoes,57.4,160.1,1559
Tj rnes Fracture Zone,Iceland-N of,Submarine volcano,66.3,-17.1,
Tlevak Strait-Suemez Is.,Alaska-E,Volcanic field,55.25,-133.3,50
Toba,Sumatra,Caldera,2.58,98.83,2157
Tobaru,Halmahera-Indonesia,Unknown,1.63,127.67,1035
Todoko-Ranu,Halmahera-Indonesia,Calderas,1.25,127.47,979
Todra Volc Field,Africa-N,Cinder cones,17.68,8.5,1780
Tofua,Tonga-SW Pacific,Caldera,-19.75,-175.07,515
"T h, Tarso",Africa-N,Volcanic field,21.33,16.33,2000
Tokachi,Hokkaido-Japan,Stratovolcanoes,43.42,142.69,2077
Tolbachik,Kamchatka,Shield volcano,55.83,160.33,3682
Tolguaca,Chile-C,Stratovolcano,-38.31,-71.65,2806
"Tolima, Nevado del",Colombia,Stratovolcano,4.67,-75.33,5200
Tolim n,Guatemala,Stratovolcano,14.61,-91.19,3158
Tolmachev Dol,Kamchatka,Cinder cones,52.63,157.58,1021
"Toluca, Nevado de",Mexico,Stratovolcano,19.11,-99.76,4680
Tombel Graben,Africa-W,Cinder cones,4.75,9.67,500
Tondano Caldera,Sulawesi-Indonesia,Caldera,1.23,124.83,1202
Toney Mountain,Antarctica,Shield volcano,-75.8,-115.83,3595
Tongariro,New Zealand,Stratovolcanoes,-39.13,175.64,1978
Tongkoko,Sulawesi-Indonesia,Stratovolcano,1.52,125.2,1149
Tore,Bougainville-SW Pacific,Lava cone,-5.83,154.93,2200
Torfaj kull,Iceland-S,Stratovolcano,63.92,-19.17,1259
Tori-shima,Izu Is-Japan,Stratovolcano,30.48,140.31,394
Toroeng Prong,SE Asia,Cinder cone,14.93,108,800
"Tortuga, Isla",Mexico,Shield volcano,27.43,-111.98,210
Tosa Sucha,Ethiopia,Cinder cones,5.93,37.57,1650
To-shima,Izu Is-Japan,Stratovolcano,34.52,139.28,508
"Toussid , Tarso",Africa-N,Stratovolcano,21.03,16.45,3265
Towada,Honshu-Japan,Caldera,40.47,140.92,1159
Traitor's Head,Vanuatu-SW Pacific,Stratovolcano,-18.75,169.23,837
Tres V rgenes,Mexico,Stratovolcanoes,27.47,-112.59,1940
Tri Sestry,Kuril Is,Stratovolcano,45.93,149.92,998
Trident,Alaska Peninsula,Stratovolcano,58.24,-155.1,1864
Trindade,Atlantic-C,Stratovolcano,-20.51,-29.33,600
Tristan da Cunha,Atlantic-S,Shield volcano,-37.09,-12.28,2060
Trocon,Argentina,Lava domes,-37.73,-70.9,2500
"Trois Pitons, Morne",W Indies,Complex volcano,15.37,-61.33,1387
Tromen,Argentina,Stratovolcanoes,-37.14,-70.03,3978
Tronador,Chile-S,Stratovolcano,-41.16,-71.89,3491
Tseax River Cone,Canada,Pyroclastic cone,55.12,-128.9,609
Tshibinda,Africa-C,Cinder cones,-2.32,28.75,1460
Tskhouk-Karckar,Armenia,Pyroclastic cones,39.73,46.02,3000
Tsurumi,Kyushu-Japan,Lava domes,33.28,131.43,1584
"Tujle, Cerro",Chile-N,Maar,-23.83,-67.95,3550
Tullu Moje,Ethiopia,Pumice cone,8.16,39.13,2349
Tumble Buttes,US-California,Cinder cones,40.68,-121.55,2191
Tungnafellsj kull,Iceland-NE,Stratovolcano,64.73,-17.92,1535
Tungurahua,Ecuador,Stratovolcano,-1.47,-78.44,5023
Tunkin Depression,Russia-SE,Volcanic field,51.5,102.5,1200
Tupungatito,Chile-C,Stratovolcano,-33.4,-69.8,6000
Turfan,China-W,Cone,42.9,89.25,
Turrialba,Costa Rica,Stratovolcano,10.03,-83.77,3340
Tutuila,Samoa-SW Pacific,Tuff cones,-14.3,-170.7,653
Tutupaca,Peru,Stratovolcano,-17.03,-70.36,5815
Tuya Volc Field,Canada,Volcanic field,59.37,-130.58,2123
"Tuzgle, Cerro",Argentina,Stratovolcano,-24.05,-66.48,5500
Tuzovsky,Kamchatka,Shield volcanoes,57.32,159.97,1533
Twin Buttes,US-California,Cinder cones,40.78,-121.59,1631
Ubehebe Craters,US-California,Maars,37.02,-117.45,752
Ubinas,Peru,Stratovolcano,-16.36,-70.9,5672
Udina,Kamchatka,Stratovolcanoes,55.76,160.53,2923
Udokan Plateau,Russia-SE,Pyroclastic cones,56.28,117.77,2180
Ugashik-Peulik,Alaska Peninsula,Stratovolcano,57.75,-156.37,1474
Uinkaret Field,US-Arizona,Volcanic field,36.38,-113.13,1555
Uka,Kamchatka,Shield volcano,57.7,160.58,1643
Ukinrek Maars,Alaska Peninsula,Maars,57.83,-156.51,91
Uksichan,Kamchatka,Shield volcano,56.08,158.38,1692
Ulawun,New Britain-SW Pac,Stratovolcano,-5.05,151.33,2334
Uliaga,Aleutian Is,Stratovolcano,53.07,-169.77,888
Ulreung,Korea,Stratovolcano,37.5,130.87,984
Umboi,New Guinea-NE of,Complex volcano,-5.59,147.88,1548
"Umm Arafieb, Jebel",Africa-N,Shield volcano,18.17,33.83,
Undara,Australia,Shield volcano,-18.25,144.75,1020
Ungaran,Java,Stratovolcano,-7.18,110.33,2050
Unnamed,Georgia,Cinder cones,42.45,44.25,3750
Unnamed,Georgia,Lava cones,41.55,43.6,3400
Unnamed,Ethiopia,Pyroclastic cones,8.7,39.63,1300
Unnamed,Ethiopia,Fissure vents,8.62,38.95,1800
Unnamed,Ethiopia,Fissure vents,8.07,39.07,1800
Unnamed,Ethiopia,Cinder cones,5.65,37.67,1200
Unnamed,Africa-E,Pyroclastic cone,-8.63,33.57,
Unnamed,Syria,Volcanic field,36.67,37,
Unnamed,Syria,Volcanic field,33,36.43,945
Unnamed,Arabia-S,Submarine volcano,12.25,45,
Unnamed,Iran,Volcanic field,39.33,45.17,
Unnamed,Iran,Volcanic field,28.17,60.67,
Unnamed,Indian O.-E,Submarine volcano ?,11.75,80.75,
Unnamed,Tonga-SW Pacific,Submarine volcano,-24.8,-177.02,-385
Unnamed,Tonga-SW Pacific,Submarine volcano,-21.15,-175.75,-65
Unnamed,Tonga-SW Pacific,Submarine volcano,-21.38,-175.65,-500
Unnamed,Tonga-SW Pacific,Submarine volcano,-20.85,-175.53,-13
Unnamed,Tonga-SW Pacific,Submarine volcano,-18.33,-174.37,-40
Unnamed,Admiralty Is-SW Pacific,Submarine volcano,-3.03,147.78,-1300
Unnamed,New Guinea-NE of,Submarine volcano ?,-4.31,146.26,-2000
Unnamed,New Britain-SW Pac,Submarine volcano ?,-5.2,148.57,
Unnamed,New Britain-SW Pac,Submarine volcano ?,-4.75,150.85,
Unnamed,Solomon Is-SW Pacific,Submarine volcanoes,-8.92,158.03,-240
Unnamed,Vanuatu-SW Pacific,Stratovolcanoes,-16.99,168.59,216
Unnamed,SW Pacific,Submarine volcano,-25.78,168.63,-2400
Unnamed,Sangihe Is-Indonesia,Submarine volcano ?,3.97,124.17,-5000
Unnamed,Luzon-N of,Submarine volcano,20.33,121.75,-24
Unnamed,Taiwan-E of,Submarine volcano ?,19.17,132.25,-10
Unnamed,Taiwan-E of,Submarine volcano ?,20.93,134.75,-6000
Unnamed,Taiwan-E of,Submarine volcano,21.83,121.18,-115
Unnamed,Taiwan-E of,Submarine volcano,24,121.83,
Unnamed,Taiwan-N of,Submarine volcano,25.4,122.2,-100
Unnamed,Volcano Is-Japan,Submarine volcano ?,26.13,144.48,-3200
Unnamed,Mariana Is-C Pacific,Submarine volcano ?,21,142.9,
Unnamed,Mariana Is-C Pacific,Submarine volcano ?,20.3,143.2,
Unnamed,Kuril Is,Submarine volcano,45.03,147.21,-930
Unnamed,Kuril Is,Submarine volcano ?,46.1,150.5,-100
Unnamed,Kuril Is,Submarine volcano,46.47,151.28,-502
Unnamed,Kuril Is,Submarine volcano,48.08,153.33,-150
Unnamed,Kamchatka,Cinder cone,51.6,156.55,298
Unnamed,Kamchatka,Cinder cone,52.57,157.02,610
Unnamed,Kamchatka,Shield volcanoes,52.92,158.52,450
Unnamed,Kamchatka,Shield volcanoes,52.88,158.3,700
Unnamed,Kamchatka,Cinder cones,55.92,161.75,
Unnamed,Kamchatka,Shield volcano,56.82,158.95,1185
Unnamed,China-W,Volcanic field,35.85,91.7,5400
Unnamed,Alaska Peninsula,Lava dome,57.87,-155.42,300
Unnamed,Pacific-NE,Submarine volcano ?,31.75,-124.25,-2533
Unnamed,Hawaiian Is,Submarine volcano ?,21.75,-158.75,-3000
Unnamed,Hawaiian Is,Submarine volcano,23.58,-163.83,-4000
Unnamed,Pacific-E,Submarine volcano,10.73,-103.58,
Unnamed,Pacific-E,Submarine volcano,9.83,-104.3,-2500
Unnamed,Pacific-E,Submarine volcano,-8.27,-107.95,-2800
Unnamed,Pacific-S,Submarine volcano,-53.9,-140.3,-1000
Unnamed,Pacific-S,Submarine volcano,-55.97,-143.17,
Unnamed,Mexico,Submarine volcano ?,28,-115,
Unnamed,Argentina,Pyroclastic cone,-25.1,-68.27,
Unnamed,Chile-Is,Submarine volcano,-33.62,-76.83,-642
Unnamed,Arctic Ocean,Submarine volcano,88.27,-65.6,-1500
Unnamed,Arctic Ocean,Submarine volcano,85.58,85,-3800
Unnamed,Atlantic-N,Submarine volcano,49,-34.5,-1650
Unnamed,Atlantic-N,Submarine volcano,39.95,-25.83,-2835
Unnamed,Atlantic-N,Submarine volcano,38.75,-38.08,-4200
Unnamed,Atlantic-C,Submarine volcano ?,7,-21.83,-1415
Unnamed,Atlantic-C,Submarine volcano,4.2,-21.45,-2900
Unnamed,Atlantic-C,Submarine volcano,-0.72,-20.53,-1528
Unnamed,Atlantic-C,Submarine volcano,-3.5,-24.5,-5300
Unnamed,Antarctica,Scoria cones,-73.45,164.58,2987
Unnamed,Antarctica,Submarine volcano,-76.83,163,-500
Unzen,Kyushu-Japan,Complex volcano,32.76,130.29,1500
Upolu,Samoa-SW Pacific,Shield volcano,-13.94,-171.72,1100
Urataman,Kuril Is,Somma volcano,47.12,152.25,678
Ushishur,Kuril Is,Caldera,47.52,152.8,401
Ushkovsky,Kamchatka,Compound volcano,56.07,160.47,3943
Usu,Hokkaido-Japan,Stratovolcano,42.54,140.84,737
Usulut n,El Salvador,Stratovolcano,13.42,-88.47,1449
Utila Island,Honduras,Pyroclastic cones,16.1,-86.9,74
"'Uwayrid, Harrat",Arabia-W,Volcanic field,27.08,37.25,1920
Uzon,Kamchatka,Calderas,54.5,159.97,1617
Vailulu'u,Samoa-SW Pacific,Submarine volcano,-14.22,-169.06,-592
Vakak Group,Afghanistan,Volcanic field,34.25,67.97,3190
"Valle, El",Panam ,Stratovolcano,8.58,-80.17,1185
Vatnafj ll,Iceland-S,Fissure vents,63.92,-19.67,1235
Veer,Kamchatka,Cinder cones,53.75,158.45,520
Veniaminof,Alaska Peninsula,Stratovolcano,56.17,-159.38,2507
Verkhovoy,Kamchatka,Shield volcano,56.52,159.53,1400
Vernadskii Ridge,Kuril Is,Cinder cones,50.55,155.97,1183
Vestmannaeyjar,Iceland-S,Submarine volcanoes,63.43,-20.28,279
Vesuvius,Italy,Somma volcano,40.82,14.43,1281
Veteran,SE Asia,Submarine volcano,9.83,109.05,
Victory,New Guinea,Stratovolcano,-9.2,149.07,1925
Viedma,Argentina,Subglacial volcano,-49.36,-73.28,1500
Villarrica,Chile-C,Stratovolcano,-39.42,-71.93,2847
Vilyuchik,Kamchatka,Stratovolcano,52.7,158.28,2173
Visoke,Africa-C,Stratovolcano,-1.47,29.49,3711
Visokiy,Kamchatka,Stratovolcano,52.43,157.93,1234
Vitim Plateau,Russia-SE,Cinder cones,53.7,113.3,1250
Volcano W,Kermadec Is,Submarine volcanoes,-31.85,-179.18,-900
"Voon, Tarso",Africa-N,Stratovolcano,20.92,17.28,3100
Voyampolsky,Kamchatka,Shield volcanoes,58.37,160.62,1225
Vsevidof,Aleutian Is,Stratovolcano,53.13,-168.69,2149
Vulcano,Italy,Stratovolcanoes,38.4,14.96,500
Vulsini,Italy,Caldera,42.6,11.93,800
Vysoky,Kamchatka,Stratovolcano,55.07,160.77,2161
Waesche,Antarctica,Shield volcano,-77.17,-126.88,3292
Waiowa,New Guinea,Pyroclastic cone,-9.57,149.08,640
Wallis Islands,SW Pacific,Shield volcano,-13.3,-176.17,143
Wapi Lava Field,US-Idaho,Shield volcano,42.88,-113.22,1604
Washiba-Kumonotaira,Honshu-Japan,Shield volcano,36.41,137.59,2924
"Washington, Mount",US-Oregon,Shield volcano,44.3,-121.8,2376
"Watt, Morne",W Indies,Stratovolcanoes,15.31,-61.31,1224
Wau-en-Namus,Africa-N,Caldera,25.05,17.55,547
Wayang-Windu,Java,Lava dome,-7.21,107.63,2182
Wells Gray-Clearwater,Canada,Cinder cones,52.33,-120.57,2015
West Crater,US-Washington,Volcanic field,45.88,-122.08,1329
West Eifel Volc Field,Germany,Maars,50.17,6.85,600
Westdahl,Aleutian Is,Stratovolcano ?,54.52,-164.65,1654
Whangarei,New Zealand,Cinder cones,-35.75,174.27,397
White Island,New Zealand,Stratovolcanoes,-37.52,177.18,321
Wilis,Java,Stratovolcano,-7.81,111.76,2563
Wolf,Gal pagos,Shield volcano,0.02,-91.35,1710
Wrangell,Alaska-E,Shield volcano,62,-144.02,4317
Wudalianchi,China-E,Volcanic field,48.72,126.12,597
Wurlali,Banda Sea,Stratovolcano,-7.13,128.68,868
Xianjindao,Korea,Unknown,41.33,128,
Yake-dake,Honshu-Japan,Stratovolcano,36.22,137.59,2455
Yali,Greece,Lava domes,36.67,27.14,180
Yangudi,Ethiopia,Complex volcano,10.58,41.04,1383
Yantarni,Alaska Peninsula,Stratovolcano,57.02,-157.19,1345
Yanteles,Chile-S,Stratovolcanoes,-43.5,-72.8,2042
"Yar, Jabal",Arabia-W,Volcanic field,17.05,42.83,305
Yasur,Vanuatu-SW Pacific,Stratovolcano,-19.53,169.44,361
Yate,Chile-S,Stratovolcano,-41.76,-72.4,2187
"Yeguada, La",Panam ,Stratovolcano,8.47,-80.82,1297
Yelia,New Guinea,Stratovolcano,-7.05,145.86,3384
Yellowstone,US-Wyoming,Calderas,44.43,-110.67,2805
Yersey,Lesser Sunda Is,Submarine volcano ?,-7.53,123.95,-3800
"Yojoa, Lake",Honduras,Volcanic field,14.98,-87.98,1090
Yokoate-jima,Ryukyu Is,Stratovolcanoes,28.8,129,495
Yomba,New Guinea-NE of,Submarine volcano ?,-4.9,146.75,
Yotei,Hokkaido-Japan,Stratovolcano,42.83,140.82,1898
Young Island,Antarctica,Stratovolcano,-66.42,162.47,1340
Yucamane,Peru,Stratovolcanoes,-17.18,-70.2,5550
Yunaska,Aleutian Is,Shield volcano,52.64,-170.63,550
"Zacate Grande, Isla",Honduras,Stratovolcano,13.33,-87.63,640
Zao,Honshu-Japan,Complex volcano,38.14,140.44,1841
Zaozerny,Kamchatka,Shield volcanoes,56.88,159.95,1349
Zapatera,Nicaragua,Shield volcano,11.73,-85.82,629
Zavaritsky,Kamchatka,Cinder cones,53.91,158.39,1567
Zavaritzki Caldera,Kuril Is,Caldera,46.93,151.95,624
Zavodovski,Antarctica,Stratovolcano,-56.3,-27.57,551
Zealandia Bank,Mariana Is-C Pacific,Stratovolcano,16.88,145.85,0
Zengyu,Taiwan-N of,Submarine volcano,26.18,122.46,-418
Zheltovsky,Kamchatka,Stratovolcano,51.57,157.32,1953
Zhupanovsky,Kamchatka,Compound volcano,53.59,159.15,2958
Zimina,Kamchatka,Stratovolcanoes,55.86,160.6,3081
Zit cuaro-Valle de Bravo,Mexico,Caldera,19.4,-100.25,3500
"Zubair, Jebel",Red Sea,Shield volcano,15.05,42.18,191
Zukur,Red Sea,Shield volcano,14.02,42.75,624
Zuni-Bandera,US-New Mexico,Volcanic field,34.8,-108,2550