441054131,09/30/2016,00:59:00,,,09/30/2016,358,OFFENSES INVOLVING FRAUD,705,FORGERY:ETC.-MISD.,COMPLETED,MISDEMEANOR,N.Y. POLICE DEPT,BRONX,47,,STREET,,,1022825,258275,40.875503516,-73.860515281,(40.875503516: -73.860515281)
156935871,09/28/2016,18:30:00,09/28/2016,18:30:00,09/28/2016,358,OFFENSES INVOLVING FRAUD,705,FORGERY:ETC.-MISD.,COMPLETED,MISDEMEANOR,N.Y. POLICE DEPT,BRONX,44,INSIDE,STREET,,,1004182,241202,40.828704996,-73.927978585,(40.828704996: -73.927978585)
439450758,09/27/2016,16:31:00,,,09/27/2016,358,OFFENSES INVOLVING FRAUD,705,FORGERY:ETC.-MISD.,COMPLETED,MISDEMEANOR,N.Y. POLICE DEPT,BRONX,50,,STREET,,,1010644,258626,40.876511733,-73.904560027,(40.876511733: -73.904560027)
984484703,09/26/2016,11:20:00,09/26/2016,11:38:00,09/26/2016,358,OFFENSES INVOLVING FRAUD,705,FORGERY:ETC.-MISD.,COMPLETED,MISDEMEANOR,N.Y. POLICE DEPT,BRONX,48,,STREET,,,1016494,247738,40.846608044,-73.883458668,(40.846608044: -73.883458668)
974906409,09/25/2016,16:15:00,,,09/25/2016,358,OFFENSES INVOLVING FRAUD,705,FORGERY:ETC.-MISD.,COMPLETED,MISDEMEANOR,N.Y. POLICE DEPT,BRONX,42,,STREET,,,1010964,241812,40.830361363,-73.903469898,(40.830361363: -73.903469898)
437666768,09/25/2016,12:00:00,09/25/2016,13:10:00,09/25/2016,358,OFFENSES INVOLVING FRAUD,705,FORGERY:ETC.-MISD.,COMPLETED,MISDEMEANOR,N.Y. POLICE DEPT,BRONX,48,FRONT OF,PARKING LOT/GARAGE (PRIVATE),,,1015508,252398,40.859401895,-73.887000738,(40.859401895: -73.887000738)
534977245,07/27/2016,12:00:00,,,09/20/2016,358,OFFENSES INVOLVING FRAUD,705,FORGERY:ETC.-MISD.,COMPLETED,MISDEMEANOR,N.Y. HOUSING POLICE,BRONX,40,INSIDE,RESIDENCE - PUBLIC HOUSING,,,1005874,236171,40.814892347,-73.921880878,(40.814892347: -73.921880878)
269735945,01/21/2016,12:00:00,01/21/2016,12:05:00,09/20/2016,358,OFFENSES INVOLVING FRAUD,705,FORGERY:ETC.-MISD.,COMPLETED,MISDEMEANOR,N.Y. POLICE DEPT,BRONX,43,INSIDE,CHECK CASHING BUSINESS,,,1021019,238939,40.822439669,-73.867151753,(40.822439669: -73.867151753)
392571082,09/17/2016,15:15:00,09/17/2016,15:20:00,09/17/2016,358,OFFENSES INVOLVING FRAUD,705,FORGERY:ETC.-MISD.,COMPLETED,MISDEMEANOR,N.Y. HOUSING POLICE,BRONX,40,OPPOSITE OF,STREET,,,1009100,235660,40.813481309,-73.910228274,(40.813481309: -73.910228274)
181969580,09/14/2016,22:16:00,09/14/2016,22:16:00,09/14/2016,358,OFFENSES INVOLVING FRAUD,705,FORGERY:ETC.-MISD.,COMPLETED,MISDEMEANOR,N.Y. POLICE DEPT,BRONX,48,,STREET,,,1012605,246785,40.844005684,-73.897519095,(40.844005684: -73.897519095)
600325214,09/14/2016,20:30:00,09/14/2016,20:35:00,09/14/2016,358,OFFENSES INVOLVING FRAUD,705,FORGERY:ETC.-MISD.,ATTEMPTED,MISDEMEANOR,N.Y. POLICE DEPT,BRONX,44,FRONT OF,STREET,,,1004182,241202,40.828704996,-73.927978585,(40.828704996: -73.927978585)
414411390,09/14/2016,16:53:00,09/14/2016,18:00:00,09/14/2016,358,OFFENSES INVOLVING FRAUD,705,FORGERY:ETC.-MISD.,COMPLETED,MISDEMEANOR,N.Y. TRANSIT POLICE,BRONX,48,,TRANSIT - NYC SUBWAY,,,1017356,245369,40.840102648,-73.880354752,(40.840102648: -73.880354752)
162692438,09/12/2016,19:30:00,09/12/2016,19:50:00,09/12/2016,358,OFFENSES INVOLVING FRAUD,705,FORGERY:ETC.-MISD.,COMPLETED,MISDEMEANOR,N.Y. HOUSING POLICE,BRONX,43,REAR OF,RESIDENCE - PUBLIC HOUSING,,CASTLE HILL,1025708,238315,40.820706205,-73.850213861,(40.820706205: -73.850213861)
740587004,09/08/2016,16:40:00,09/08/2016,16:49:00,09/08/2016,358,OFFENSES INVOLVING FRAUD,705,FORGERY:ETC.-MISD.,COMPLETED,MISDEMEANOR,N.Y. HOUSING POLICE,BRONX,50,FRONT OF,RESIDENCE - PUBLIC HOUSING,,FORT INDEPENDENCE STREET-HEATH AVENUE,1011678,259907,40.880024527,-73.900815814,(40.880024527: -73.900815814)
924539617,09/07/2016,18:55:00,09/07/2016,19:00:00,09/07/2016,358,OFFENSES INVOLVING FRAUD,705,FORGERY:ETC.-MISD.,COMPLETED,MISDEMEANOR,N.Y. POLICE DEPT,BRONX,44,,STREET,,,1004749,240880,40.827819901,-73.925930756,(40.827819901: -73.925930756)
456723095,06/30/2016,16:00:00,09/06/2016,17:00:00,09/07/2016,358,OFFENSES INVOLVING FRAUD,705,FORGERY:ETC.-MISD.,COMPLETED,MISDEMEANOR,N.Y. POLICE DEPT,BRONX,40,INSIDE,RESIDENCE - APT. HOUSE,,,1005231,235186,40.812190348,-73.924206908,(40.812190348: -73.924206908)
281747240,09/05/2016,12:25:00,09/05/2016,12:30:00,09/05/2016,358,OFFENSES INVOLVING FRAUD,705,FORGERY:ETC.-MISD.,COMPLETED,MISDEMEANOR,N.Y. POLICE DEPT,BRONX,44,FRONT OF,STREET,,,1005077,241641,40.829907861,-73.924743205,(40.829907861: -73.924743205)
399981022,09/03/2016,16:40:00,,,09/03/2016,358,OFFENSES INVOLVING FRAUD,705,FORGERY:ETC.-MISD.,COMPLETED,MISDEMEANOR,N.Y. HOUSING POLICE,BRONX,43,OPPOSITE OF,RESIDENCE - PUBLIC HOUSING,,BRONXDALE,1020852,240782,40.827498869,-73.867745085,(40.827498869: -73.867745085)
316978627,09/01/2016,16:00:00,,,09/01/2016,358,OFFENSES INVOLVING FRAUD,705,FORGERY:ETC.-MISD.,COMPLETED,MISDEMEANOR,N.Y. POLICE DEPT,BRONX,43,INSIDE,COMMERCIAL BUILDING,,,1018624,241853,40.830447407,-73.875790162,(40.830447407: -73.875790162)
595269479,09/01/2016,11:16:00,,,09/01/2016,358,OFFENSES INVOLVING FRAUD,705,FORGERY:ETC.-MISD.,COMPLETED,MISDEMEANOR,N.Y. POLICE DEPT,BRONX,52,INSIDE,BANK,,,1014809,256004,40.869301715,-73.889511247,(40.869301715: -73.889511247)
725537520,08/31/2016,20:00:00,08/31/2016,20:03:00,08/31/2016,358,OFFENSES INVOLVING FRAUD,705,FORGERY:ETC.-MISD.,COMPLETED,MISDEMEANOR,N.Y. POLICE DEPT,BRONX,44,,PARK/PLAYGROUND,FRANZ SIGEL PARK,,1004830,238446,40.821139075,-73.925645538,(40.821139075: -73.925645538)
877845210,08/31/2016,16:20:00,08/31/2016,16:35:00,08/31/2016,358,OFFENSES INVOLVING FRAUD,705,FORGERY:ETC.-MISD.,COMPLETED,MISDEMEANOR,N.Y. POLICE DEPT,BRONX,48,FRONT OF,STREET,,,1014247,247107,40.844884054,-73.891583044,(40.844884054: -73.891583044)
178052343,08/31/2016,00:45:00,08/31/2016,00:51:00,08/31/2016,358,OFFENSES INVOLVING FRAUD,705,FORGERY:ETC.-MISD.,COMPLETED,MISDEMEANOR,N.Y. POLICE DEPT,BRONX,50,,STREET,,,1010914,260940,40.882862131,-73.90357449,(40.882862131: -73.90357449)
833044388,05/24/2016,16:00:00,05/24/2016,19:00:00,08/30/2016,358,OFFENSES INVOLVING FRAUD,706,RECORDS:FALSIFY-TAMPER,COMPLETED,MISDEMEANOR,N.Y. POLICE DEPT,BRONX,45,,STREET,,,1031748,242912,40.833293226,-73.828358873,(40.833293226: -73.828358873)
142716578,08/28/2016,16:50:00,08/28/2016,17:16:00,08/28/2016,358,OFFENSES INVOLVING FRAUD,705,FORGERY:ETC.-MISD.,COMPLETED,MISDEMEANOR,N.Y. POLICE DEPT,BRONX,43,OPPOSITE OF,STREET,,,1019071,240911,40.827860137,-73.874179809,(40.827860137: -73.874179809)
151928322,08/28/2016,01:05:00,08/28/2016,01:17:00,08/28/2016,358,OFFENSES INVOLVING FRAUD,705,FORGERY:ETC.-MISD.,COMPLETED,MISDEMEANOR,N.Y. POLICE DEPT,BRONX,47,,STREET,,,1025067,263641,40.890221411,-73.852375584,(40.890221411: -73.852375584)
661450712,08/26/2016,23:40:00,,,08/27/2016,358,OFFENSES INVOLVING FRAUD,705,FORGERY:ETC.-MISD.,COMPLETED,MISDEMEANOR,N.Y. POLICE DEPT,BRONX,48,,STREET,,,1015295,248107,40.847625136,-73.887790624,(40.847625136: -73.887790624)
404067368,08/27/2015,18:17:00,08/27/2016,18:33:00,08/27/2016,358,OFFENSES INVOLVING FRAUD,705,FORGERY:ETC.-MISD.,COMPLETED,MISDEMEANOR,N.Y. POLICE DEPT,BRONX,43,OPPOSITE OF,STREET,,,1019071,240911,40.827860137,-73.874179809,(40.827860137: -73.874179809)
360730354,08/26/2016,20:25:00,,,08/26/2016,358,OFFENSES INVOLVING FRAUD,705,FORGERY:ETC.-MISD.,COMPLETED,MISDEMEANOR,N.Y. POLICE DEPT,BRONX,46,FRONT OF,STREET,,,1013706,252409,40.859438284,-73.893515089,(40.859438284: -73.893515089)
653261086,08/26/2016,17:00:00,,,08/26/2016,358,OFFENSES INVOLVING FRAUD,705,FORGERY:ETC.-MISD.,COMPLETED,MISDEMEANOR,N.Y. POLICE DEPT,BRONX,43,,STREET,,,1016698,239231,40.823258055,-73.882762482,(40.823258055: -73.882762482)
543156398,08/23/2016,18:50:00,08/23/2016,19:00:00,08/23/2016,358,OFFENSES INVOLVING FRAUD,705,FORGERY:ETC.-MISD.,COMPLETED,MISDEMEANOR,N.Y. POLICE DEPT,BRONX,46,,STREET,,,1007640,249147,40.850503224,-73.915455647,(40.850503224: -73.915455647)
539406780,08/23/2016,17:10:00,08/23/2016,17:15:00,08/23/2016,358,OFFENSES INVOLVING FRAUD,705,FORGERY:ETC.-MISD.,COMPLETED,MISDEMEANOR,N.Y. POLICE DEPT,BRONX,52,,STREET,,,1015140,255733,40.868556751,-73.888315722,(40.868556751: -73.888315722)
828824683,08/23/2016,00:23:00,,,08/23/2016,358,OFFENSES INVOLVING FRAUD,705,FORGERY:ETC.-MISD.,COMPLETED,MISDEMEANOR,N.Y. POLICE DEPT,BRONX,47,,STREET,,,1026624,267514,40.90084421,-73.846719767,(40.90084421: -73.846719767)
183117730,08/19/2016,14:05:00,08/19/2016,14:20:00,08/19/2016,358,OFFENSES INVOLVING FRAUD,705,FORGERY:ETC.-MISD.,COMPLETED,MISDEMEANOR,N.Y. POLICE DEPT,BRONX,43,INSIDE,VIDEO STORE,,,1023436,242970,40.833493209,-73.858395386,(40.833493209: -73.858395386)
175106928,08/17/2016,16:25:00,08/17/2016,16:30:00,08/17/2016,358,OFFENSES INVOLVING FRAUD,705,FORGERY:ETC.-MISD.,COMPLETED,MISDEMEANOR,N.Y. POLICE DEPT,BRONX,46,FRONT OF,STREET,,,1012810,251690,40.857467789,-73.896757279,(40.857467789: -73.896757279)
137285671,08/17/2016,09:30:00,08/17/2016,09:57:00,08/17/2016,358,OFFENSES INVOLVING FRAUD,705,FORGERY:ETC.-MISD.,COMPLETED,MISDEMEANOR,N.Y. POLICE DEPT,BRONX,42,,STREET,,,1011718,242147,40.831278529,-73.900743935,(40.831278529: -73.900743935)
475808289,08/16/2016,19:05:00,08/16/2016,19:10:00,08/16/2016,358,OFFENSES INVOLVING FRAUD,705,FORGERY:ETC.-MISD.,COMPLETED,MISDEMEANOR,N.Y. POLICE DEPT,BRONX,44,,STREET,,,1004555,240441,40.82661542,-73.92663308,(40.82661542: -73.92663308)
844288090,08/14/2016,16:30:00,08/14/2016,16:35:00,08/14/2016,358,OFFENSES INVOLVING FRAUD,705,FORGERY:ETC.-MISD.,COMPLETED,MISDEMEANOR,N.Y. POLICE DEPT,BRONX,44,FRONT OF,COMMERCIAL BUILDING,,,1004182,241202,40.828704996,-73.927978585,(40.828704996: -73.927978585)
762114846,08/14/2016,16:10:00,08/14/2016,16:25:00,08/14/2016,358,OFFENSES INVOLVING FRAUD,705,FORGERY:ETC.-MISD.,COMPLETED,MISDEMEANOR,N.Y. POLICE DEPT,BRONX,44,FRONT OF,STREET,,,1004182,241202,40.828704996,-73.927978585,(40.828704996: -73.927978585)
669350181,08/14/2016,12:00:00,,,08/14/2016,358,OFFENSES INVOLVING FRAUD,705,FORGERY:ETC.-MISD.,COMPLETED,MISDEMEANOR,N.Y. POLICE DEPT,BRONX,44,INSIDE,PARKING LOT/GARAGE (PUBLIC),,,1004484,241002,40.828155367,-73.926887934,(40.828155367: -73.926887934)
211260167,08/13/2016,18:25:00,08/13/2016,18:27:00,08/13/2016,358,OFFENSES INVOLVING FRAUD,705,FORGERY:ETC.-MISD.,COMPLETED,MISDEMEANOR,N.Y. POLICE DEPT,BRONX,43,FRONT OF,STREET,,,1023584,234390,40.809942904,-73.857910853,(40.809942904: -73.857910853)
370208768,08/12/2016,18:10:00,,,08/12/2016,358,OFFENSES INVOLVING FRAUD,705,FORGERY:ETC.-MISD.,COMPLETED,MISDEMEANOR,N.Y. POLICE DEPT,BRONX,44,,PARK/PLAYGROUND,MACOMBS DAM PARK,,1004749,240880,40.827819901,-73.925930756,(40.827819901: -73.925930756)
347482471,08/11/2016,08:30:00,08/11/2016,09:04:00,08/11/2016,358,OFFENSES INVOLVING FRAUD,705,FORGERY:ETC.-MISD.,COMPLETED,MISDEMEANOR,N.Y. TRANSIT POLICE,BRONX,44,,TRANSIT - NYC SUBWAY,,,1007027,245405,40.840234138,-73.917684114,(40.840234138: -73.917684114)
635366073,08/10/2016,18:10:00,08/10/2016,18:20:00,08/10/2016,358,OFFENSES INVOLVING FRAUD,705,FORGERY:ETC.-MISD.,COMPLETED,MISDEMEANOR,N.Y. POLICE DEPT,BRONX,42,,STREET,,,1010973,242491,40.832224995,-73.903434671,(40.832224995: -73.903434671)
971333370,08/10/2016,17:55:00,,,08/10/2016,358,OFFENSES INVOLVING FRAUD,706,RECORDS:FALSIFY-TAMPER,COMPLETED,MISDEMEANOR,N.Y. POLICE DEPT,BRONX,46,INSIDE,SMALL MERCHANT,,,1010129,250719,40.854810951,-73.906452813,(40.854810951: -73.906452813)
603241368,08/07/2016,17:00:00,08/07/2016,17:05:00,08/09/2016,358,OFFENSES INVOLVING FRAUD,705,FORGERY:ETC.-MISD.,COMPLETED,MISDEMEANOR,N.Y. POLICE DEPT,BRONX,49,INSIDE,RESIDENCE - APT. HOUSE,,,1029159,252299,40.859071285,-73.837651801,(40.859071285: -73.837651801)
577391029,08/06/2016,08:30:00,08/06/2016,08:35:00,08/06/2016,358,OFFENSES INVOLVING FRAUD,705,FORGERY:ETC.-MISD.,COMPLETED,MISDEMEANOR,N.Y. POLICE DEPT,BRONX,42,,STREET,,,1008996,239726,40.824641623,-73.910588992,(40.824641623: -73.910588992)
367110426,08/05/2016,14:30:00,08/05/2016,14:40:00,08/05/2016,358,OFFENSES INVOLVING FRAUD,705,FORGERY:ETC.-MISD.,COMPLETED,MISDEMEANOR,N.Y. POLICE DEPT,BRONX,52,,STREET,,,1013049,253439,40.86226749,-73.895885781,(40.86226749: -73.895885781)
569006395,08/05/2016,12:40:00,08/05/2016,12:40:00,08/05/2016,358,OFFENSES INVOLVING FRAUD,705,FORGERY:ETC.-MISD.,COMPLETED,MISDEMEANOR,N.Y. POLICE DEPT,BRONX,44,,STREET,,,1005022,240771,40.82752009,-73.92494464,(40.82752009: -73.92494464)
984559426,07/31/2016,17:42:00,07/31/2016,17:44:00,07/31/2016,358,OFFENSES INVOLVING FRAUD,705,FORGERY:ETC.-MISD.,COMPLETED,MISDEMEANOR,N.Y. POLICE DEPT,BRONX,47,OPPOSITE OF,STREET,,,1027493,263203,40.889007686,-73.843604135,(40.889007686: -73.843604135)
421332532,07/27/2016,21:30:00,07/27/2016,21:35:00,07/27/2016,358,OFFENSES INVOLVING FRAUD,705,FORGERY:ETC.-MISD.,COMPLETED,MISDEMEANOR,N.Y. POLICE DEPT,BRONX,40,,STREET,,,1005028,234516,40.810351863,-73.924942326,(40.810351863: -73.924942326)
628287908,07/27/2016,19:30:00,,,07/27/2016,358,OFFENSES INVOLVING FRAUD,705,FORGERY:ETC.-MISD.,COMPLETED,MISDEMEANOR,N.Y. POLICE DEPT,BRONX,44,,STREET,,,1007441,246174,40.842343741,-73.916185237,(40.842343741: -73.916185237)
590225333,07/22/2016,23:55:00,07/23/2016,00:00:00,07/23/2016,358,OFFENSES INVOLVING FRAUD,705,FORGERY:ETC.-MISD.,COMPLETED,MISDEMEANOR,N.Y. POLICE DEPT,BRONX,42,FRONT OF,STREET,,,1010208,240350,40.826350847,-73.906207373,(40.826350847: -73.906207373)
573339711,07/22/2016,22:15:00,,,07/22/2016,358,OFFENSES INVOLVING FRAUD,705,FORGERY:ETC.-MISD.,COMPLETED,MISDEMEANOR,N.Y. POLICE DEPT,BRONX,44,FRONT OF,STREET,,,1004182,241202,40.828704996,-73.927978585,(40.828704996: -73.927978585)
338120845,07/22/2016,02:55:00,07/22/2016,03:01:00,07/22/2016,358,OFFENSES INVOLVING FRAUD,705,FORGERY:ETC.-MISD.,COMPLETED,MISDEMEANOR,N.Y. POLICE DEPT,BRONX,47,,STREET,,,1027279,256106,40.869529696,-73.844423696,(40.869529696: -73.844423696)
264404455,07/20/2016,12:25:00,07/20/2016,12:30:00,07/20/2016,358,OFFENSES INVOLVING FRAUD,705,FORGERY:ETC.-MISD.,COMPLETED,MISDEMEANOR,N.Y. POLICE DEPT,BRONX,40,INSIDE,OTHER,,,1007567,238218,40.820506479,-73.915757504,(40.820506479: -73.915757504)
933572415,07/16/2016,18:28:00,,,07/16/2016,358,OFFENSES INVOLVING FRAUD,705,FORGERY:ETC.-MISD.,COMPLETED,MISDEMEANOR,N.Y. POLICE DEPT,BRONX,46,FRONT OF,STREET,,,1006977,247612,40.846291834,-73.917857337,(40.846291834: -73.917857337)
292480345,07/15/2016,10:50:00,07/15/2016,11:00:00,07/15/2016,358,OFFENSES INVOLVING FRAUD,705,FORGERY:ETC.-MISD.,COMPLETED,MISDEMEANOR,N.Y. POLICE DEPT,BRONX,42,,STREET,,,1013066,242432,40.832056477,-73.895871623,(40.832056477: -73.895871623)
447033527,07/14/2016,18:15:00,07/14/2016,18:30:00,07/14/2016,358,OFFENSES INVOLVING FRAUD,705,FORGERY:ETC.-MISD.,COMPLETED,MISDEMEANOR,N.Y. POLICE DEPT,BRONX,46,,STREET,,,1009377,248932,40.84990834,-73.909177874,(40.84990834: -73.909177874)
429431784,07/09/2016,21:30:00,,,07/09/2016,358,OFFENSES INVOLVING FRAUD,705,FORGERY:ETC.-MISD.,COMPLETED,MISDEMEANOR,N.Y. POLICE DEPT,BRONX,45,,STREET,,,1031586,244742,40.838316908,-73.828931373,(40.838316908: -73.828931373)
690601921,07/09/2016,19:00:00,07/09/2016,19:28:00,07/09/2016,358,OFFENSES INVOLVING FRAUD,705,FORGERY:ETC.-MISD.,COMPLETED,MISDEMEANOR,N.Y. POLICE DEPT,BRONX,47,,STREET,,,1026291,268642,40.903941795,-73.847917259,(40.903941795: -73.847917259)
422375928,07/07/2016,22:15:00,,,07/07/2016,358,OFFENSES INVOLVING FRAUD,705,FORGERY:ETC.-MISD.,COMPLETED,MISDEMEANOR,N.Y. POLICE DEPT,BRONX,49,,STREET,,,1025441,253693,40.86291552,-73.851084077,(40.86291552: -73.851084077)
471801599,07/06/2016,23:18:00,,,07/07/2016,358,OFFENSES INVOLVING FRAUD,705,FORGERY:ETC.-MISD.,COMPLETED,MISDEMEANOR,N.Y. POLICE DEPT,BRONX,42,,STREET,,,1016241,243224,40.834219358,-73.884394643,(40.834219358: -73.884394643)
786005510,07/07/2015,00:45:00,07/07/2016,00:55:00,07/07/2016,358,OFFENSES INVOLVING FRAUD,705,FORGERY:ETC.-MISD.,COMPLETED,MISDEMEANOR,N.Y. POLICE DEPT,BRONX,49,FRONT OF,STREET,,,1021136,251009,40.85556779,-73.866662642,(40.85556779: -73.866662642)
710772194,07/06/2016,21:00:00,,,07/06/2016,358,OFFENSES INVOLVING FRAUD,705,FORGERY:ETC.-MISD.,COMPLETED,MISDEMEANOR,N.Y. POLICE DEPT,BRONX,42,,STREET,,,1012550,244046,40.836488108,-73.897729436,(40.836488108: -73.897729436)
672126592,07/04/2016,11:30:00,07/04/2016,11:43:00,07/04/2016,358,OFFENSES INVOLVING FRAUD,705,FORGERY:ETC.-MISD.,COMPLETED,MISDEMEANOR,N.Y. POLICE DEPT,BRONX,44,FRONT OF,STREET,,,1004687,239413,40.823793548,-73.926159253,(40.823793548: -73.926159253)
528201311,07/02/2016,02:30:00,07/02/2016,02:42:00,07/02/2016,358,OFFENSES INVOLVING FRAUD,705,FORGERY:ETC.-MISD.,COMPLETED,MISDEMEANOR,N.Y. POLICE DEPT,BRONX,40,,STREET,,,1004369,237509,40.818568337,-73.927313946,(40.818568337: -73.927313946)
457529587,06/29/2016,14:10:00,,,06/29/2016,358,OFFENSES INVOLVING FRAUD,705,FORGERY:ETC.-MISD.,COMPLETED,MISDEMEANOR,N.Y. POLICE DEPT,BRONX,44,FRONT OF,STREET,,,1006350,243112,40.833942239,-73.920138383,(40.833942239: -73.920138383)
325437498,06/29/2016,11:47:00,,,06/29/2016,358,OFFENSES INVOLVING FRAUD,705,FORGERY:ETC.-MISD.,COMPLETED,MISDEMEANOR,N.Y. POLICE DEPT,BRONX,44,FRONT OF,STREET,,,1005151,240420,40.82655639,-73.924479611,(40.82655639: -73.924479611)
410149569,06/27/2016,23:00:00,06/27/2016,23:17:00,06/28/2016,358,OFFENSES INVOLVING FRAUD,705,FORGERY:ETC.-MISD.,COMPLETED,MISDEMEANOR,N.Y. POLICE DEPT,BRONX,44,,STREET,,,1004279,244490,40.837729389,-73.927618266,(40.837729389: -73.927618266)
610698841,06/27/2016,18:15:00,06/27/2016,18:30:00,06/27/2016,358,OFFENSES INVOLVING FRAUD,705,FORGERY:ETC.-MISD.,COMPLETED,MISDEMEANOR,N.Y. POLICE DEPT,BRONX,44,OPPOSITE OF,STREET,,,1004639,240631,40.827136722,-73.926328985,(40.827136722: -73.926328985)
821576485,06/27/2016,17:15:00,06/27/2016,17:25:00,06/27/2016,358,OFFENSES INVOLVING FRAUD,705,FORGERY:ETC.-MISD.,COMPLETED,MISDEMEANOR,N.Y. POLICE DEPT,BRONX,47,,STREET,,,1024006,266909,40.899195865,-73.856193571,(40.899195865: -73.856193571)
591174871,06/23/2016,18:05:00,,,06/23/2016,358,OFFENSES INVOLVING FRAUD,705,FORGERY:ETC.-MISD.,COMPLETED,MISDEMEANOR,N.Y. POLICE DEPT,BRONX,46,,STREET,,,1012004,251037,40.855678071,-73.899673663,(40.855678071: -73.899673663)
930622584,06/23/2016,14:30:00,06/23/2016,15:35:00,06/23/2016,358,OFFENSES INVOLVING FRAUD,705,FORGERY:ETC.-MISD.,COMPLETED,MISDEMEANOR,N.Y. POLICE DEPT,BRONX,46,FRONT OF,STREET,,,1012072,251609,40.857247825,-73.899425476,(40.857247825: -73.899425476)
603577865,06/22/2016,12:20:00,06/22/2016,12:20:00,06/22/2016,358,OFFENSES INVOLVING FRAUD,705,FORGERY:ETC.-MISD.,COMPLETED,MISDEMEANOR,N.Y. POLICE DEPT,BRONX,44,OPPOSITE OF,PARK/PLAYGROUND,,,1004182,241202,40.828704996,-73.927978585,(40.828704996: -73.927978585)
465278613,06/21/2016,19:20:00,,,06/21/2016,358,OFFENSES INVOLVING FRAUD,705,FORGERY:ETC.-MISD.,COMPLETED,MISDEMEANOR,N.Y. POLICE DEPT,BRONX,44,,STREET,,,1004555,240441,40.82661542,-73.92663308,(40.82661542: -73.92663308)
382287809,06/21/2016,18:30:00,06/21/2016,18:40:00,06/21/2016,358,OFFENSES INVOLVING FRAUD,705,FORGERY:ETC.-MISD.,COMPLETED,MISDEMEANOR,N.Y. POLICE DEPT,BRONX,46,,STREET,,,1006234,247834,40.84690304,-73.920542096,(40.84690304: -73.920542096)
178913244,06/18/2016,15:20:00,06/18/2016,15:32:00,06/18/2016,358,OFFENSES INVOLVING FRAUD,705,FORGERY:ETC.-MISD.,COMPLETED,MISDEMEANOR,N.Y. HOUSING POLICE,BRONX,42,OPPOSITE OF,RESIDENCE - PUBLIC HOUSING,,WEBSTER,1009295,242593,40.832509874,-73.909497941,(40.832509874: -73.909497941)
538777819,06/12/2016,16:43:00,06/12/2016,16:45:00,06/12/2016,358,OFFENSES INVOLVING FRAUD,705,FORGERY:ETC.-MISD.,COMPLETED,MISDEMEANOR,N.Y. POLICE DEPT,BRONX,44,FRONT OF,OTHER,,,1004182,241202,40.828704996,-73.927978585,(40.828704996: -73.927978585)
278874341,06/12/2016,12:15:00,06/12/2016,12:20:00,06/12/2016,358,OFFENSES INVOLVING FRAUD,705,FORGERY:ETC.-MISD.,COMPLETED,MISDEMEANOR,N.Y. POLICE DEPT,BRONX,44,,STREET,,,1004749,240880,40.827819901,-73.925930756,(40.827819901: -73.925930756)
105001745,06/12/2016,11:15:00,06/12/2016,12:05:00,06/12/2016,358,OFFENSES INVOLVING FRAUD,705,FORGERY:ETC.-MISD.,COMPLETED,MISDEMEANOR,N.Y. POLICE DEPT,BRONX,44,OPPOSITE OF,OTHER,MACOMBS DAM PARK,,1004182,241202,40.828704996,-73.927978585,(40.828704996: -73.927978585)
581273064,06/12/2016,10:07:00,06/12/2016,10:10:00,06/12/2016,358,OFFENSES INVOLVING FRAUD,705,FORGERY:ETC.-MISD.,COMPLETED,MISDEMEANOR,N.Y. POLICE DEPT,BRONX,44,INSIDE,PARKING LOT/GARAGE (PUBLIC),,,1005588,242038,40.830996292,-73.922895448,(40.830996292: -73.922895448)
843655036,06/11/2016,22:10:00,06/11/2016,22:15:00,06/11/2016,358,OFFENSES INVOLVING FRAUD,705,FORGERY:ETC.-MISD.,COMPLETED,MISDEMEANOR,N.Y. POLICE DEPT,BRONX,44,FRONT OF,STREET,,,1004182,241202,40.828704996,-73.927978585,(40.828704996: -73.927978585)
166004620,06/10/2016,14:55:00,06/10/2016,15:03:00,06/10/2016,358,OFFENSES INVOLVING FRAUD,705,FORGERY:ETC.-MISD.,COMPLETED,MISDEMEANOR,N.Y. POLICE DEPT,BRONX,44,,STREET,,,1004749,240880,40.827819901,-73.925930756,(40.827819901: -73.925930756)
860026041,06/08/2016,20:42:00,06/08/2016,20:46:00,06/08/2016,358,OFFENSES INVOLVING FRAUD,705,FORGERY:ETC.-MISD.,COMPLETED,MISDEMEANOR,N.Y. POLICE DEPT,BRONX,45,,STREET,,,1030806,255847,40.868800923,-73.831673132,(40.868800923: -73.831673132)
666969318,06/08/2016,01:45:00,06/08/2016,01:50:00,06/08/2016,358,OFFENSES INVOLVING FRAUD,705,FORGERY:ETC.-MISD.,COMPLETED,MISDEMEANOR,N.Y. POLICE DEPT,BRONX,44,,STREET,,,1007530,244009,40.836401212,-73.915871091,(40.836401212: -73.915871091)
907433450,05/30/2016,20:00:00,,,06/07/2016,358,OFFENSES INVOLVING FRAUD,705,FORGERY:ETC.-MISD.,COMPLETED,MISDEMEANOR,N.Y. POLICE DEPT,BRONX,44,INSIDE,RESIDENCE - APT. HOUSE,,,1007314,241257,40.828848333,-73.916661142,(40.828848333: -73.916661142)
924964531,06/05/2016,22:43:00,,,06/05/2016,358,OFFENSES INVOLVING FRAUD,705,FORGERY:ETC.-MISD.,COMPLETED,MISDEMEANOR,N.Y. POLICE DEPT,BRONX,42,,STREET,,,1008067,240121,40.82572834,-73.913944259,(40.82572834: -73.913944259)
729813833,06/03/2016,19:25:00,06/03/2016,19:29:00,06/03/2016,358,OFFENSES INVOLVING FRAUD,705,FORGERY:ETC.-MISD.,COMPLETED,MISDEMEANOR,N.Y. POLICE DEPT,BRONX,42,,STREET,,,1009602,239782,40.824793609,-73.908399177,(40.824793609: -73.908399177)
460226434,06/03/2016,17:15:00,06/03/2016,17:20:00,06/03/2016,358,OFFENSES INVOLVING FRAUD,705,FORGERY:ETC.-MISD.,COMPLETED,MISDEMEANOR,N.Y. POLICE DEPT,BRONX,46,,STREET,,,1011642,248112,40.847650947,-73.900994204,(40.847650947: -73.900994204)
349599740,04/24/2016,13:00:00,06/01/2016,13:00:00,06/01/2016,358,OFFENSES INVOLVING FRAUD,705,FORGERY:ETC.-MISD.,COMPLETED,MISDEMEANOR,N.Y. POLICE DEPT,BRONX,47,INSIDE,RESIDENCE-HOUSE,,,1024380,266718,40.898669939,-73.854841861,(40.898669939: -73.854841861)
177573525,05/26/2016,13:40:00,05/26/2016,13:44:00,05/26/2016,358,OFFENSES INVOLVING FRAUD,705,FORGERY:ETC.-MISD.,COMPLETED,MISDEMEANOR,N.Y. POLICE DEPT,BRONX,40,,STREET,,,1007341,239067,40.822837337,-73.916571116,(40.822837337: -73.916571116)
570217855,05/26/2016,08:45:00,05/26/2016,09:00:00,05/26/2016,358,OFFENSES INVOLVING FRAUD,705,FORGERY:ETC.-MISD.,COMPLETED,MISDEMEANOR,N.Y. HOUSING POLICE,BRONX,42,FRONT OF,RESIDENCE - PUBLIC HOUSING,,BUTLER,1010169,244577,40.837952857,-73.90633196,(40.837952857: -73.90633196)
225305646,05/16/2016,08:35:00,05/16/2016,16:06:00,05/24/2016,358,OFFENSES INVOLVING FRAUD,705,FORGERY:ETC.-MISD.,COMPLETED,MISDEMEANOR,N.Y. POLICE DEPT,BRONX,40,INSIDE,CHECK CASHING BUSINESS,,,1007161,236539,40.81589916,-73.917230106,(40.81589916: -73.917230106)
116964136,05/23/2016,12:40:00,05/23/2016,13:44:00,05/23/2016,358,OFFENSES INVOLVING FRAUD,705,FORGERY:ETC.-MISD.,COMPLETED,MISDEMEANOR,N.Y. POLICE DEPT,BRONX,50,INSIDE,BANK,,,1010817,269974,40.907657868,-73.903889434,(40.907657868: -73.903889434)
749309918,05/22/2016,11:00:00,05/22/2016,11:10:00,05/22/2016,358,OFFENSES INVOLVING FRAUD,705,FORGERY:ETC.-MISD.,ATTEMPTED,MISDEMEANOR,N.Y. POLICE DEPT,BRONX,40,OPPOSITE OF,STREET,,,1004088,235075,40.811888324,-73.928336359,(40.811888324: -73.928336359)
310306992,05/21/2016,19:25:00,05/21/2016,19:30:00,05/21/2016,358,OFFENSES INVOLVING FRAUD,705,FORGERY:ETC.-MISD.,COMPLETED,MISDEMEANOR,N.Y. POLICE DEPT,BRONX,49,,STREET,,,1021599,249016,40.850095657,-73.865000053,(40.850095657: -73.865000053)
421948825,05/20/2016,19:35:00,05/20/2016,21:12:00,05/20/2016,358,OFFENSES INVOLVING FRAUD,705,FORGERY:ETC.-MISD.,COMPLETED,MISDEMEANOR,N.Y. TRANSIT POLICE,BRONX,44,,TRANSIT - NYC SUBWAY,,,1008114,244866,40.83875187,-73.913757556,(40.83875187: -73.913757556)
946049627,05/19/2016,16:45:00,05/19/2016,17:00:00,05/19/2016,358,OFFENSES INVOLVING FRAUD,705,FORGERY:ETC.-MISD.,COMPLETED,MISDEMEANOR,N.Y. POLICE DEPT,BRONX,48,FRONT OF,STREET,,,1012982,249577,40.851667679,-73.896144557,(40.851667679: -73.896144557)
958550229,05/18/2016,20:55:00,05/18/2016,21:05:00,05/18/2016,358,OFFENSES INVOLVING FRAUD,705,FORGERY:ETC.-MISD.,COMPLETED,MISDEMEANOR,N.Y. POLICE DEPT,BRONX,44,FRONT OF,STREET,,,1008277,244774,40.838498914,-73.913168808,(40.838498914: -73.913168808)
798303077,05/18/2016,17:10:00,05/18/2016,17:20:00,05/18/2016,358,OFFENSES INVOLVING FRAUD,705,FORGERY:ETC.-MISD.,COMPLETED,MISDEMEANOR,N.Y. POLICE DEPT,BRONX,42,,STREET,,,1008096,239563,40.82419671,-73.913841458,(40.82419671: -73.913841458)
922607386,05/17/2016,16:15:00,05/17/2016,16:30:00,05/17/2016,358,OFFENSES INVOLVING FRAUD,705,FORGERY:ETC.-MISD.,COMPLETED,MISDEMEANOR,N.Y. POLICE DEPT,BRONX,43,,STREET,,,1025754,240828,40.827603452,-73.85003212,(40.827603452: -73.85003212)
903186307,04/19/2016,10:00:00,04/28/2016,10:00:00,05/16/2016,358,OFFENSES INVOLVING FRAUD,705,FORGERY:ETC.-MISD.,COMPLETED,MISDEMEANOR,N.Y. POLICE DEPT,BRONX,45,INSIDE,RESIDENCE - APT. HOUSE,,,1031195,256988,40.871930554,-73.830258669,(40.871930554: -73.830258669)
305119614,05/12/2016,14:20:00,05/12/2016,14:25:00,05/12/2016,358,OFFENSES INVOLVING FRAUD,705,FORGERY:ETC.-MISD.,COMPLETED,MISDEMEANOR,N.Y. POLICE DEPT,BRONX,40,,PARK/PLAYGROUND,ST. MARY'S PARK BRONX,,1008135,235470,40.812962474,-73.913715109,(40.812962474: -73.913715109)
615640068,05/12/2016,11:20:00,05/12/2016,11:40:00,05/12/2016,358,OFFENSES INVOLVING FRAUD,705,FORGERY:ETC.-MISD.,COMPLETED,MISDEMEANOR,N.Y. POLICE DEPT,BRONX,40,,STREET,,,1009662,233358,40.807161362,-73.908206707,(40.807161362: -73.908206707)
695273906,05/10/2016,18:20:00,05/10/2016,18:25:00,05/10/2016,358,OFFENSES INVOLVING FRAUD,705,FORGERY:ETC.-MISD.,COMPLETED,MISDEMEANOR,N.Y. POLICE DEPT,BRONX,44,REAR OF,PARK/PLAYGROUND,,,1003856,240085,40.82563988,-73.929159826,(40.82563988: -73.929159826)
593249061,05/10/2016,01:35:00,05/10/2016,01:44:00,05/10/2016,358,OFFENSES INVOLVING FRAUD,705,FORGERY:ETC.-MISD.,COMPLETED,MISDEMEANOR,N.Y. POLICE DEPT,BRONX,46,,STREET,,,1011859,252256,40.859024314,-73.900192802,(40.859024314: -73.900192802)
813642191,05/08/2016,13:10:00,,,05/08/2016,358,OFFENSES INVOLVING FRAUD,705,FORGERY:ETC.-MISD.,COMPLETED,MISDEMEANOR,N.Y. POLICE DEPT,BRONX,43,,STREET,,,1023253,242944,40.833422657,-73.859056841,(40.833422657: -73.859056841)
556876881,05/06/2016,21:46:00,,,05/06/2016,358,OFFENSES INVOLVING FRAUD,705,FORGERY:ETC.-MISD.,COMPLETED,MISDEMEANOR,N.Y. POLICE DEPT,BRONX,42,,STREET,,,1011854,242120,40.831203998,-73.900252601,(40.831203998: -73.900252601)
775205316,05/03/2016,19:20:00,,,05/03/2016,358,OFFENSES INVOLVING FRAUD,705,FORGERY:ETC.-MISD.,COMPLETED,MISDEMEANOR,N.Y. POLICE DEPT,BRONX,50,OPPOSITE OF,STREET,,,1011430,255697,40.868470145,-73.901729713,(40.868470145: -73.901729713)
358959430,05/03/2016,12:50:00,05/03/2016,15:00:00,05/03/2016,358,OFFENSES INVOLVING FRAUD,705,FORGERY:ETC.-MISD.,COMPLETED,MISDEMEANOR,N.Y. POLICE DEPT,BRONX,44,INSIDE,STREET,,,1005346,246531,40.843328854,-73.923755796,(40.843328854: -73.923755796)
348035684,08/24/2015,09:00:00,,,05/03/2016,358,OFFENSES INVOLVING FRAUD,705,FORGERY:ETC.-MISD.,COMPLETED,MISDEMEANOR,N.Y. POLICE DEPT,BRONX,42,FRONT OF,RESIDENCE - APT. HOUSE,,,1012059,244779,40.838501539,-73.899500797,(40.838501539: -73.899500797)
670726228,07/20/2015,09:00:00,,,05/03/2016,358,OFFENSES INVOLVING FRAUD,705,FORGERY:ETC.-MISD.,COMPLETED,MISDEMEANOR,N.Y. POLICE DEPT,BRONX,42,INSIDE,RESIDENCE - APT. HOUSE,,,1012059,244779,40.838501539,-73.899500797,(40.838501539: -73.899500797)
790576462,05/02/2016,17:00:00,05/02/2016,17:22:00,05/02/2016,358,OFFENSES INVOLVING FRAUD,705,FORGERY:ETC.-MISD.,COMPLETED,MISDEMEANOR,N.Y. POLICE DEPT,BRONX,47,INSIDE,GROCERY/BODEGA,,,1025688,268587,40.903793691,-73.85009896,(40.903793691: -73.85009896)
223361629,04/29/2016,13:50:00,,,04/29/2016,358,OFFENSES INVOLVING FRAUD,705,FORGERY:ETC.-MISD.,COMPLETED,MISDEMEANOR,N.Y. POLICE DEPT,BRONX,40,,STREET,,,1007704,237244,40.817832761,-73.915265929,(40.817832761: -73.915265929)
905404827,04/29/2016,10:00:00,04/29/2016,10:09:00,04/29/2016,358,OFFENSES INVOLVING FRAUD,705,FORGERY:ETC.-MISD.,COMPLETED,MISDEMEANOR,N.Y. POLICE DEPT,BRONX,43,,STREET,,,1018207,241234,40.828750043,-73.877300133,(40.828750043: -73.877300133)
896871276,04/28/2016,12:33:00,04/28/2016,12:35:00,04/28/2016,358,OFFENSES INVOLVING FRAUD,705,FORGERY:ETC.-MISD.,COMPLETED,MISDEMEANOR,N.Y. POLICE DEPT,BRONX,45,INSIDE,BANK,,,1027606,245624,40.840758173,-73.843309173,(40.840758173: -73.843309173)
415213338,04/25/2016,16:10:00,04/25/2016,16:26:00,04/25/2016,358,OFFENSES INVOLVING FRAUD,705,FORGERY:ETC.-MISD.,COMPLETED,MISDEMEANOR,N.Y. POLICE DEPT,BRONX,47,INSIDE,BANK,,,1027857,263317,40.889318789,-73.842286914,(40.889318789: -73.842286914)
590799807,08/21/2015,10:00:00,08/21/2015,12:00:00,04/25/2016,358,OFFENSES INVOLVING FRAUD,705,FORGERY:ETC.-MISD.,COMPLETED,MISDEMEANOR,N.Y. POLICE DEPT,BRONX,44,INSIDE,RESIDENCE - APT. HOUSE,,,1005651,239600,40.824304526,-73.922675571,(40.824304526: -73.922675571)
336949268,04/24/2016,19:35:00,04/24/2016,19:49:00,04/24/2016,358,OFFENSES INVOLVING FRAUD,705,FORGERY:ETC.-MISD.,COMPLETED,MISDEMEANOR,N.Y. HOUSING POLICE,BRONX,47,FRONT OF,RESIDENCE - PUBLIC HOUSING,,BOSTON SECOR,1030386,260908,40.88269399,-73.833156832,(40.88269399: -73.833156832)
943403760,04/24/2016,11:00:00,04/24/2016,11:10:00,04/24/2016,358,OFFENSES INVOLVING FRAUD,705,FORGERY:ETC.-MISD.,COMPLETED,MISDEMEANOR,N.Y. POLICE DEPT,BRONX,40,FRONT OF,STREET,,,1006288,232919,40.805965489,-73.920395906,(40.805965489: -73.920395906)
832603099,04/21/2016,17:28:00,04/21/2016,17:28:00,04/21/2016,358,OFFENSES INVOLVING FRAUD,705,FORGERY:ETC.-MISD.,COMPLETED,MISDEMEANOR,N.Y. POLICE DEPT,BRONX,52,FRONT OF,STREET,,,1017845,259318,40.878386587,-73.878517573,(40.878386587: -73.878517573)
943364559,04/21/2016,15:10:00,04/21/2016,15:15:00,04/21/2016,358,OFFENSES INVOLVING FRAUD,705,FORGERY:ETC.-MISD.,COMPLETED,MISDEMEANOR,N.Y. POLICE DEPT,BRONX,48,,STREET,,,1018949,245891,40.841529269,-73.874594879,(40.841529269: -73.874594879)
453055571,04/21/2016,14:05:00,04/21/2016,14:15:00,04/21/2016,358,OFFENSES INVOLVING FRAUD,705,FORGERY:ETC.-MISD.,COMPLETED,MISDEMEANOR,N.Y. HOUSING POLICE,BRONX,40,FRONT OF,RESIDENCE - PUBLIC HOUSING,,MOORE,1009374,235406,40.812783376,-73.909239373,(40.812783376: -73.909239373)
139714429,04/21/2016,09:20:00,04/21/2016,09:25:00,04/21/2016,358,OFFENSES INVOLVING FRAUD,705,FORGERY:ETC.-MISD.,COMPLETED,MISDEMEANOR,N.Y. POLICE DEPT,BRONX,46,,STREET,,,1010044,248437,40.848547789,-73.906768855,(40.848547789: -73.906768855)
615740002,04/20/2016,14:50:00,,,04/20/2016,358,OFFENSES INVOLVING FRAUD,705,FORGERY:ETC.-MISD.,COMPLETED,MISDEMEANOR,N.Y. POLICE DEPT,BRONX,42,FRONT OF,STREET,,,1015156,243351,40.834571799,-73.88831495,(40.834571799: -73.88831495)
225655857,04/19/2016,09:00:00,04/19/2016,09:04:00,04/19/2016,358,OFFENSES INVOLVING FRAUD,705,FORGERY:ETC.-MISD.,COMPLETED,MISDEMEANOR,N.Y. POLICE DEPT,BRONX,43,REAR OF,RESIDENCE - APT. HOUSE,,,1022424,242240,40.831494004,-73.862056588,(40.831494004: -73.862056588)
741795145,04/17/2016,21:45:00,04/17/2016,21:53:00,04/17/2016,358,OFFENSES INVOLVING FRAUD,705,FORGERY:ETC.-MISD.,COMPLETED,MISDEMEANOR,N.Y. POLICE DEPT,BRONX,40,,STREET,,,1009099,231135,40.801061442,-73.910248635,(40.801061442: -73.910248635)
141529376,04/17/2016,12:15:00,04/17/2016,12:15:00,04/17/2016,358,OFFENSES INVOLVING FRAUD,705,FORGERY:ETC.-MISD.,COMPLETED,MISDEMEANOR,N.Y. POLICE DEPT,BRONX,44,,STREET,,,1004749,240880,40.827819901,-73.925930756,(40.827819901: -73.925930756)
506047254,04/17/2016,11:35:00,,,04/17/2016,358,OFFENSES INVOLVING FRAUD,705,FORGERY:ETC.-MISD.,COMPLETED,MISDEMEANOR,N.Y. POLICE DEPT,BRONX,44,REAR OF,PARK/PLAYGROUND,MACOMBS DAM PARK,,1003856,240085,40.82563988,-73.929159826,(40.82563988: -73.929159826)
169415126,04/15/2016,21:45:00,04/15/2016,21:45:00,04/15/2016,358,OFFENSES INVOLVING FRAUD,705,FORGERY:ETC.-MISD.,COMPLETED,MISDEMEANOR,N.Y. POLICE DEPT,BRONX,44,,PARKING LOT/GARAGE (PRIVATE),,,1010606,245659,40.840921337,-73.904748421,(40.840921337: -73.904748421)
263313592,04/15/2016,17:45:00,,,04/15/2016,358,OFFENSES INVOLVING FRAUD,705,FORGERY:ETC.-MISD.,COMPLETED,MISDEMEANOR,N.Y. POLICE DEPT,BRONX,44,,STREET,,,1008404,244727,40.838369567,-73.912710005,(40.838369567: -73.912710005)
449168626,04/14/2016,17:45:00,04/14/2016,18:10:00,04/14/2016,358,OFFENSES INVOLVING FRAUD,705,FORGERY:ETC.-MISD.,COMPLETED,MISDEMEANOR,N.Y. POLICE DEPT,BRONX,47,,STREET,,,1026305,262216,40.886304426,-73.847906975,(40.886304426: -73.847906975)
583414658,04/14/2016,15:00:00,,,04/14/2016,358,OFFENSES INVOLVING FRAUD,705,FORGERY:ETC.-MISD.,COMPLETED,MISDEMEANOR,N.Y. POLICE DEPT,BRONX,47,INSIDE,VARIETY STORE,,,1025793,268868,40.90456445,-73.849717378,(40.90456445: -73.849717378)
106327271,04/14/2016,13:30:00,04/14/2016,14:00:00,04/14/2016,358,OFFENSES INVOLVING FRAUD,705,FORGERY:ETC.-MISD.,COMPLETED,MISDEMEANOR,N.Y. POLICE DEPT,BRONX,47,INSIDE,COMMERCIAL BUILDING,,,1021130,256792,40.871440386,-73.866652509,(40.871440386: -73.866652509)
128658484,04/12/2016,22:25:00,04/12/2016,22:25:00,04/12/2016,358,OFFENSES INVOLVING FRAUD,705,FORGERY:ETC.-MISD.,COMPLETED,MISDEMEANOR,N.Y. POLICE DEPT,BRONX,40,,STREET,,,1005630,237083,40.817396125,-73.922759467,(40.817396125: -73.922759467)
301815519,04/10/2016,11:50:00,04/10/2016,11:55:00,04/10/2016,358,OFFENSES INVOLVING FRAUD,705,FORGERY:ETC.-MISD.,COMPLETED,MISDEMEANOR,N.Y. POLICE DEPT,BRONX,40,,STREET,,,1005335,235420,40.812832365,-73.92383047,(40.812832365: -73.92383047)
621952078,04/09/2016,18:30:00,04/09/2016,18:47:00,04/09/2016,358,OFFENSES INVOLVING FRAUD,705,FORGERY:ETC.-MISD.,COMPLETED,MISDEMEANOR,N.Y. POLICE DEPT,BRONX,47,,STREET,,,1025287,267952,40.902052697,-73.851553473,(40.902052697: -73.851553473)
971914973,04/09/2016,17:45:00,,,04/09/2016,358,OFFENSES INVOLVING FRAUD,705,FORGERY:ETC.-MISD.,COMPLETED,MISDEMEANOR,N.Y. POLICE DEPT,BRONX,42,,STREET,,,1015628,245070,40.839288289,-73.886601221,(40.839288289: -73.886601221)
737581117,04/07/2016,18:50:00,,,04/07/2016,358,OFFENSES INVOLVING FRAUD,705,FORGERY:ETC.-MISD.,COMPLETED,MISDEMEANOR,N.Y. POLICE DEPT,BRONX,50,OPPOSITE OF,STREET,,,1012767,266039,40.896851477,-73.896851644,(40.896851477: -73.896851644)
373406726,04/07/2016,14:20:00,04/07/2016,14:30:00,04/07/2016,358,OFFENSES INVOLVING FRAUD,705,FORGERY:ETC.-MISD.,COMPLETED,MISDEMEANOR,N.Y. POLICE DEPT,BRONX,47,INSIDE,GROCERY/BODEGA,,,1025653,258347,40.875688322,-73.850288882,(40.875688322: -73.850288882)
262811907,04/06/2016,19:15:00,04/06/2016,19:20:00,04/06/2016,358,OFFENSES INVOLVING FRAUD,705,FORGERY:ETC.-MISD.,COMPLETED,MISDEMEANOR,N.Y. POLICE DEPT,BRONX,44,,STREET,,,1004749,240880,40.827819901,-73.925930756,(40.827819901: -73.925930756)
534257537,04/06/2016,12:00:00,04/06/2016,12:15:00,04/06/2016,358,OFFENSES INVOLVING FRAUD,705,FORGERY:ETC.-MISD.,COMPLETED,MISDEMEANOR,N.Y. POLICE DEPT,BRONX,44,,STREET,,,1005501,245608,40.840795117,-73.923198516,(40.840795117: -73.923198516)
851978024,04/05/2016,16:10:00,04/05/2016,16:15:00,04/05/2016,358,OFFENSES INVOLVING FRAUD,705,FORGERY:ETC.-MISD.,COMPLETED,MISDEMEANOR,N.Y. POLICE DEPT,BRONX,44,,STREET,,,1004749,240880,40.827819901,-73.925930756,(40.827819901: -73.925930756)
909495208,04/05/2016,14:05:00,,,04/05/2016,358,OFFENSES INVOLVING FRAUD,705,FORGERY:ETC.-MISD.,COMPLETED,MISDEMEANOR,N.Y. POLICE DEPT,BRONX,44,FRONT OF,PARK/PLAYGROUND,,,1004182,241202,40.828704996,-73.927978585,(40.828704996: -73.927978585)
466709548,04/05/2016,11:40:00,04/05/2016,11:45:00,04/05/2016,358,OFFENSES INVOLVING FRAUD,705,FORGERY:ETC.-MISD.,COMPLETED,MISDEMEANOR,N.Y. POLICE DEPT,BRONX,44,FRONT OF,STREET,,,1004484,241002,40.828155367,-73.926887934,(40.828155367: -73.926887934)
530778580,04/05/2016,11:20:00,04/05/2016,11:20:00,04/05/2016,358,OFFENSES INVOLVING FRAUD,705,FORGERY:ETC.-MISD.,COMPLETED,MISDEMEANOR,N.Y. POLICE DEPT,BRONX,44,OPPOSITE OF,PARK/PLAYGROUND,,,1004182,241202,40.828704996,-73.927978585,(40.828704996: -73.927978585)
903183361,04/04/2016,11:45:00,04/04/2016,12:00:00,04/04/2016,358,OFFENSES INVOLVING FRAUD,705,FORGERY:ETC.-MISD.,COMPLETED,MISDEMEANOR,N.Y. TRANSIT POLICE,BRONX,40,,TRANSIT - NYC SUBWAY,,,1007034,236608,40.816088874,-73.917688689,(40.816088874: -73.917688689)
942669346,04/02/2016,22:05:00,,,04/03/2016,358,OFFENSES INVOLVING FRAUD,705,FORGERY:ETC.-MISD.,COMPLETED,MISDEMEANOR,N.Y. POLICE DEPT,BRONX,43,INSIDE,CHECK CASHING BUSINESS,,,1022529,240251,40.826034318,-73.861688512,(40.826034318: -73.861688512)
801086480,04/01/2016,15:05:00,,,04/01/2016,358,OFFENSES INVOLVING FRAUD,705,FORGERY:ETC.-MISD.,COMPLETED,MISDEMEANOR,N.Y. POLICE DEPT,BRONX,42,,STREET,,,1011469,240320,40.82626471,-73.901651125,(40.82626471: -73.901651125)
309681928,04/01/2016,15:05:00,04/01/2016,15:15:00,04/01/2016,358,OFFENSES INVOLVING FRAUD,705,FORGERY:ETC.-MISD.,COMPLETED,MISDEMEANOR,N.Y. POLICE DEPT,BRONX,47,INSIDE,COMMERCIAL BUILDING,,,1027266,259254,40.878170039,-73.844450489,(40.878170039: -73.844450489)
813701176,03/30/2016,22:05:00,03/30/2016,22:11:00,03/30/2016,358,OFFENSES INVOLVING FRAUD,705,FORGERY:ETC.-MISD.,COMPLETED,MISDEMEANOR,N.Y. HOUSING POLICE,BRONX,42,FRONT OF,RESIDENCE - PUBLIC HOUSING,,BUTLER,1009758,243681,40.835494793,-73.907820691,(40.835494793: -73.907820691)
910743512,03/29/2016,20:40:00,03/29/2016,20:51:00,03/29/2016,358,OFFENSES INVOLVING FRAUD,705,FORGERY:ETC.-MISD.,COMPLETED,MISDEMEANOR,N.Y. POLICE DEPT,BRONX,48,,STREET,,,1015900,247717,40.846552554,-73.88560572,(40.846552554: -73.88560572)
550233779,03/29/2016,16:50:00,03/29/2016,16:55:00,03/29/2016,358,OFFENSES INVOLVING FRAUD,705,FORGERY:ETC.-MISD.,COMPLETED,MISDEMEANOR,N.Y. POLICE DEPT,BRONX,48,,STREET,,,1014431,250474,40.854124842,-73.890902857,(40.854124842: -73.890902857)
347515597,03/29/2016,16:45:00,03/29/2016,17:50:00,03/29/2016,358,OFFENSES INVOLVING FRAUD,705,FORGERY:ETC.-MISD.,COMPLETED,MISDEMEANOR,N.Y. POLICE DEPT,BRONX,47,INSIDE,CLOTHING/BOUTIQUE,,,1021130,256792,40.871440386,-73.866652509,(40.871440386: -73.866652509)
849015978,03/27/2016,20:38:00,03/27/2016,20:38:00,03/27/2016,358,OFFENSES INVOLVING FRAUD,705,FORGERY:ETC.-MISD.,COMPLETED,MISDEMEANOR,N.Y. POLICE DEPT,BRONX,48,,STREET,,,1016673,247622,40.846289003,-73.882812252,(40.846289003: -73.882812252)
163205719,03/25/2016,00:35:00,03/25/2016,00:40:00,03/25/2016,358,OFFENSES INVOLVING FRAUD,705,FORGERY:ETC.-MISD.,COMPLETED,MISDEMEANOR,N.Y. POLICE DEPT,BRONX,44,,STREET,,,1006261,242012,40.830923278,-73.920463613,(40.830923278: -73.920463613)
773445833,03/24/2016,12:25:00,03/24/2016,12:29:00,03/24/2016,358,OFFENSES INVOLVING FRAUD,705,FORGERY:ETC.-MISD.,COMPLETED,MISDEMEANOR,N.Y. POLICE DEPT,BRONX,48,,OTHER,,,1015750,246829,40.844115794,-73.886152051,(40.844115794: -73.886152051)
373951025,03/22/2016,16:48:00,03/22/2016,16:48:00,03/22/2016,358,OFFENSES INVOLVING FRAUD,705,FORGERY:ETC.-MISD.,COMPLETED,MISDEMEANOR,N.Y. POLICE DEPT,BRONX,46,,STREET,,,1009761,252469,40.859615246,-73.907776416,(40.859615246: -73.907776416)
841257689,03/21/2016,22:21:00,,,03/22/2016,358,OFFENSES INVOLVING FRAUD,705,FORGERY:ETC.-MISD.,COMPLETED,MISDEMEANOR,N.Y. POLICE DEPT,BRONX,44,,STREET,,,1003178,242520,40.832324737,-73.931602749,(40.832324737: -73.931602749)
967292875,03/21/2016,16:00:00,,,03/21/2016,358,OFFENSES INVOLVING FRAUD,705,FORGERY:ETC.-MISD.,COMPLETED,MISDEMEANOR,N.Y. POLICE DEPT,BRONX,43,INSIDE,CHAIN STORE,,,1022669,243541,40.835063807,-73.861163812,(40.835063807: -73.861163812)
874175103,03/20/2016,15:40:00,,,03/20/2016,358,OFFENSES INVOLVING FRAUD,705,FORGERY:ETC.-MISD.,COMPLETED,MISDEMEANOR,N.Y. POLICE DEPT,BRONX,40,INSIDE,OTHER,,,1005041,234533,40.810398494,-73.924895311,(40.810398494: -73.924895311)
259955679,03/16/2016,17:15:00,03/16/2016,17:30:00,03/16/2016,358,OFFENSES INVOLVING FRAUD,705,FORGERY:ETC.-MISD.,COMPLETED,MISDEMEANOR,N.Y. POLICE DEPT,BRONX,47,FRONT OF,SMALL MERCHANT,,,1025439,258185,40.875244684,-73.851063697,(40.875244684: -73.851063697)
101279561,03/16/2016,11:20:00,03/16/2016,11:30:00,03/16/2016,358,OFFENSES INVOLVING FRAUD,705,FORGERY:ETC.-MISD.,COMPLETED,MISDEMEANOR,N.Y. POLICE DEPT,BRONX,46,FRONT OF,STREET,,,1012120,252873,40.860716972,-73.899246702,(40.860716972: -73.899246702)
714400531,03/15/2016,20:25:00,03/15/2016,20:35:00,03/15/2016,358,OFFENSES INVOLVING FRAUD,705,FORGERY:ETC.-MISD.,COMPLETED,MISDEMEANOR,N.Y. POLICE DEPT,BRONX,47,,STREET,,,1025548,260719,40.88219921,-73.850653936,(40.88219921: -73.850653936)
875832279,03/11/2016,16:55:00,03/11/2016,17:00:00,03/11/2016,358,OFFENSES INVOLVING FRAUD,705,FORGERY:ETC.-MISD.,COMPLETED,MISDEMEANOR,N.Y. POLICE DEPT,BRONX,47,FRONT OF,STREET,,,1022778,262631,40.887459573,-73.860660176,(40.887459573: -73.860660176)
573569651,03/08/2016,14:39:00,,,03/11/2016,358,OFFENSES INVOLVING FRAUD,705,FORGERY:ETC.-MISD.,COMPLETED,MISDEMEANOR,N.Y. POLICE DEPT,BRONX,46,INSIDE,RESIDENCE - APT. HOUSE,,,1010746,248840,40.849651826,-73.904229879,(40.849651826: -73.904229879)
319881876,03/09/2016,15:10:00,03/09/2016,15:15:00,03/09/2016,358,OFFENSES INVOLVING FRAUD,705,FORGERY:ETC.-MISD.,COMPLETED,MISDEMEANOR,N.Y. POLICE DEPT,BRONX,47,INSIDE,GROCERY/BODEGA,,,1023742,264942,40.893798269,-73.857160128,(40.893798269: -73.857160128)
870553770,03/09/2016,13:45:00,,,03/09/2016,358,OFFENSES INVOLVING FRAUD,705,FORGERY:ETC.-MISD.,COMPLETED,MISDEMEANOR,N.Y. POLICE DEPT,BRONX,43,,STREET,,,1022808,241123,40.828426494,-73.860675396,(40.828426494: -73.860675396)
716109789,03/09/2016,11:38:00,03/09/2016,11:40:00,03/09/2016,358,OFFENSES INVOLVING FRAUD,705,FORGERY:ETC.-MISD.,COMPLETED,MISDEMEANOR,N.Y. TRANSIT POLICE,BRONX,44,,TRANSIT - NYC SUBWAY,,,1004749,240880,40.827819901,-73.925930756,(40.827819901: -73.925930756)
465940330,03/09/2016,11:15:00,03/09/2016,11:20:00,03/09/2016,358,OFFENSES INVOLVING FRAUD,705,FORGERY:ETC.-MISD.,COMPLETED,MISDEMEANOR,N.Y. TRANSIT POLICE,BRONX,44,,TRANSIT - NYC SUBWAY,,,1004749,240880,40.827819901,-73.925930756,(40.827819901: -73.925930756)
464299520,03/05/2016,03:17:00,03/05/2016,03:17:00,03/05/2016,358,OFFENSES INVOLVING FRAUD,705,FORGERY:ETC.-MISD.,COMPLETED,MISDEMEANOR,N.Y. POLICE DEPT,BRONX,49,,STREET,,,1027434,251387,40.856576728,-73.843893678,(40.856576728: -73.843893678)
743533575,02/29/2016,23:00:00,,,03/01/2016,358,OFFENSES INVOLVING FRAUD,705,FORGERY:ETC.-MISD.,COMPLETED,MISDEMEANOR,N.Y. POLICE DEPT,BRONX,40,FRONT OF,STREET,,,1011277,237785,40.819307445,-73.902355087,(40.819307445: -73.902355087)
671688508,02/29/2016,21:25:00,02/29/2016,21:37:00,02/29/2016,358,OFFENSES INVOLVING FRAUD,705,FORGERY:ETC.-MISD.,COMPLETED,MISDEMEANOR,N.Y. POLICE DEPT,BRONX,47,,STREET,,,1024769,266520,40.898124716,-73.853435959,(40.898124716: -73.853435959)
504781705,02/29/2016,19:40:00,02/29/2016,20:22:00,02/29/2016,358,OFFENSES INVOLVING FRAUD,705,FORGERY:ETC.-MISD.,COMPLETED,MISDEMEANOR,N.Y. POLICE DEPT,BRONX,52,FRONT OF,STREET,,,1016782,260544,40.881755556,-73.882355561,(40.881755556: -73.882355561)
227908595,02/28/2016,15:35:00,02/28/2016,15:42:00,02/28/2016,358,OFFENSES INVOLVING FRAUD,705,FORGERY:ETC.-MISD.,COMPLETED,MISDEMEANOR,N.Y. POLICE DEPT,BRONX,48,FRONT OF,STREET,,,1015723,246427,40.843012518,-73.886251522,(40.843012518: -73.886251522)
192531163,02/27/2016,16:20:00,,,02/27/2016,358,OFFENSES INVOLVING FRAUD,705,FORGERY:ETC.-MISD.,COMPLETED,MISDEMEANOR,N.Y. POLICE DEPT,BRONX,44,FRONT OF,STREET,,,1004569,243311,40.834492713,-73.926573801,(40.834492713: -73.926573801)
494777614,02/25/2016,03:05:00,02/25/2016,03:17:00,02/25/2016,358,OFFENSES INVOLVING FRAUD,705,FORGERY:ETC.-MISD.,COMPLETED,MISDEMEANOR,N.Y. POLICE DEPT,BRONX,47,REAR OF,PARKING LOT/GARAGE (PUBLIC),,,1025439,258185,40.875244684,-73.851063697,(40.875244684: -73.851063697)
187810099,02/19/2016,12:50:00,,,02/19/2016,358,OFFENSES INVOLVING FRAUD,706,RECORDS:FALSIFY-TAMPER,COMPLETED,MISDEMEANOR,N.Y. POLICE DEPT,BRONX,50,FRONT OF,PARKING LOT/GARAGE (PUBLIC),,,1011800,261419,40.884174114,-73.900368416,(40.884174114: -73.900368416)
431879498,02/18/2016,21:25:00,02/18/2016,21:31:00,02/18/2016,358,OFFENSES INVOLVING FRAUD,705,FORGERY:ETC.-MISD.,COMPLETED,MISDEMEANOR,N.Y. POLICE DEPT,BRONX,46,,STREET,,,1011207,252824,40.860585317,-73.902547546,(40.860585317: -73.902547546)
606664034,02/16/2016,15:24:00,,,02/16/2016,358,OFFENSES INVOLVING FRAUD,706,RECORDS:FALSIFY-TAMPER,COMPLETED,MISDEMEANOR,N.Y. POLICE DEPT,BRONX,50,FRONT OF,PARKING LOT/GARAGE (PUBLIC),,,1011800,261419,40.884174114,-73.900368416,(40.884174114: -73.900368416)
295360892,02/15/2016,15:20:00,02/15/2016,15:20:00,02/15/2016,358,OFFENSES INVOLVING FRAUD,705,FORGERY:ETC.-MISD.,COMPLETED,MISDEMEANOR,N.Y. POLICE DEPT,BRONX,46,OPPOSITE OF,STREET,,,1010915,252197,40.858865278,-73.903605666,(40.858865278: -73.903605666)
311769144,02/12/2016,18:43:00,,,02/12/2016,358,OFFENSES INVOLVING FRAUD,705,FORGERY:ETC.-MISD.,COMPLETED,MISDEMEANOR,N.Y. POLICE DEPT,BRONX,52,,STREET,,,1018537,259548,40.879015204,-73.876014037,(40.879015204: -73.876014037)
465240797,02/11/2016,16:50:00,02/11/2016,17:00:00,02/11/2016,358,OFFENSES INVOLVING FRAUD,705,FORGERY:ETC.-MISD.,COMPLETED,MISDEMEANOR,N.Y. POLICE DEPT,BRONX,48,,STREET,,,1013358,251133,40.855937202,-73.894778684,(40.855937202: -73.894778684)
751062776,02/10/2016,14:10:00,02/10/2016,14:10:00,02/10/2016,358,OFFENSES INVOLVING FRAUD,705,FORGERY:ETC.-MISD.,COMPLETED,MISDEMEANOR,N.Y. HOUSING POLICE,BRONX,44,FRONT OF,RESIDENCE - PUBLIC HOUSING,,HIGHBRIDGE GARDENS,1003610,243521,40.835071256,-73.930038774,(40.835071256: -73.930038774)
573098236,02/10/2016,12:50:00,,,02/10/2016,358,OFFENSES INVOLVING FRAUD,705,FORGERY:ETC.-MISD.,COMPLETED,MISDEMEANOR,N.Y. POLICE DEPT,BRONX,44,FRONT OF,STREET,,,1007742,246728,40.843863512,-73.915095432,(40.843863512: -73.915095432)
226122813,02/07/2016,18:00:00,02/07/2016,18:14:00,02/07/2016,358,OFFENSES INVOLVING FRAUD,705,FORGERY:ETC.-MISD.,COMPLETED,MISDEMEANOR,N.Y. POLICE DEPT,BRONX,49,,STREET,,,1021992,254324,40.864662841,-73.863549635,(40.864662841: -73.863549635)
723495887,03/03/2015,00:01:00,04/03/2015,23:59:00,02/03/2016,358,OFFENSES INVOLVING FRAUD,705,FORGERY:ETC.-MISD.,COMPLETED,MISDEMEANOR,N.Y. POLICE DEPT,BRONX,41,,RESIDENCE - APT. HOUSE,,,1011966,238048,40.820027171,-73.899864702,(40.820027171: -73.899864702)
289678623,02/01/2016,21:30:00,02/01/2016,21:35:00,02/01/2016,358,OFFENSES INVOLVING FRAUD,705,FORGERY:ETC.-MISD.,COMPLETED,MISDEMEANOR,N.Y. POLICE DEPT,BRONX,43,FRONT OF,STREET,,,1016626,239622,40.824331503,-73.883020742,(40.824331503: -73.883020742)
657167987,02/01/2016,09:40:00,02/01/2016,09:49:00,02/01/2016,358,OFFENSES INVOLVING FRAUD,705,FORGERY:ETC.-MISD.,COMPLETED,MISDEMEANOR,N.Y. TRANSIT POLICE,BRONX,40,,TRANSIT - NYC SUBWAY,,,1006611,233503,40.807567595,-73.919227223,(40.807567595: -73.919227223)
458374677,02/01/2016,09:00:00,02/01/2016,10:11:00,02/01/2016,358,OFFENSES INVOLVING FRAUD,705,FORGERY:ETC.-MISD.,COMPLETED,MISDEMEANOR,N.Y. POLICE DEPT,BRONX,49,,STREET,,,1024767,250662,40.854599464,-73.853539099,(40.854599464: -73.853539099)
495661329,12/01/2015,15:54:00,02/01/2016,17:30:00,02/01/2016,358,OFFENSES INVOLVING FRAUD,705,FORGERY:ETC.-MISD.,COMPLETED,MISDEMEANOR,N.Y. POLICE DEPT,BRONX,46,,STREET,,,1008817,250725,40.854831167,-73.911195468,(40.854831167: -73.911195468)
881868242,01/31/2016,07:00:00,,,01/31/2016,358,OFFENSES INVOLVING FRAUD,705,FORGERY:ETC.-MISD.,COMPLETED,MISDEMEANOR,N.Y. POLICE DEPT,BRONX,44,,STREET,,,1005026,244724,40.838369926,-73.924917944,(40.838369926: -73.924917944)
695501376,01/25/2016,22:15:00,01/25/2016,22:20:00,01/25/2016,358,OFFENSES INVOLVING FRAUD,705,FORGERY:ETC.-MISD.,COMPLETED,MISDEMEANOR,N.Y. POLICE DEPT,BRONX,50,,STREET,,,1012340,263871,40.890902378,-73.898405254,(40.890902378: -73.898405254)
140256384,01/22/2016,10:40:00,01/22/2016,11:00:00,01/22/2016,358,OFFENSES INVOLVING FRAUD,705,FORGERY:ETC.-MISD.,COMPLETED,MISDEMEANOR,N.Y. POLICE DEPT,BRONX,40,,STREET,,,1008345,235949,40.814276625,-73.91295475,(40.814276625: -73.91295475)
306727787,09/16/2015,17:00:00,10/20/2015,09:00:00,01/20/2016,358,OFFENSES INVOLVING FRAUD,705,FORGERY:ETC.-MISD.,COMPLETED,MISDEMEANOR,N.Y. POLICE DEPT,BRONX,41,INSIDE,STREET,,,1011153,235312,40.812520134,-73.902813002,(40.812520134: -73.902813002)
757723543,01/19/2016,18:40:00,01/19/2016,18:50:00,01/19/2016,358,OFFENSES INVOLVING FRAUD,705,FORGERY:ETC.-MISD.,COMPLETED,MISDEMEANOR,N.Y. POLICE DEPT,BRONX,48,,STREET,,,1015668,249088,40.850316371,-73.886437835,(40.850316371: -73.886437835)
511812144,01/19/2016,18:05:00,01/19/2016,18:18:00,01/19/2016,358,OFFENSES INVOLVING FRAUD,705,FORGERY:ETC.-MISD.,COMPLETED,MISDEMEANOR,N.Y. POLICE DEPT,BRONX,52,,STREET,,,1018093,260149,40.880666475,-73.877616576,(40.880666475: -73.877616576)
121319818,01/19/2016,17:35:00,01/19/2016,17:35:00,01/19/2016,358,OFFENSES INVOLVING FRAUD,705,FORGERY:ETC.-MISD.,COMPLETED,MISDEMEANOR,N.Y. POLICE DEPT,BRONX,46,FRONT OF,STREET,,,1007142,249097,40.850367293,-73.917255894,(40.850367293: -73.917255894)
333027138,01/15/2016,22:10:00,01/15/2016,22:23:00,01/15/2016,358,OFFENSES INVOLVING FRAUD,705,FORGERY:ETC.-MISD.,COMPLETED,MISDEMEANOR,N.Y. POLICE DEPT,BRONX,47,,STREET,,,1025582,266579,40.89828288,-73.850494813,(40.89828288: -73.850494813)
776879544,01/13/2016,17:20:00,01/13/2016,17:28:00,01/13/2016,358,OFFENSES INVOLVING FRAUD,705,FORGERY:ETC.-MISD.,COMPLETED,MISDEMEANOR,N.Y. HOUSING POLICE,BRONX,44,FRONT OF,RESIDENCE - PUBLIC HOUSING,,,1007174,239543,40.824144257,-73.917172879,(40.824144257: -73.917172879)
734818995,01/11/2016,22:25:00,01/11/2016,22:25:00,01/11/2016,358,OFFENSES INVOLVING FRAUD,705,FORGERY:ETC.-MISD.,COMPLETED,MISDEMEANOR,N.Y. HOUSING POLICE,BRONX,40,OPPOSITE OF,RESIDENCE - PUBLIC HOUSING,,ADAMS,1010135,237045,40.817279774,-73.906483892,(40.817279774: -73.906483892)
514614041,01/08/2016,16:49:00,,,01/08/2016,358,OFFENSES INVOLVING FRAUD,705,FORGERY:ETC.-MISD.,COMPLETED,MISDEMEANOR,N.Y. POLICE DEPT,BRONX,52,,STREET,,,1014703,256087,40.869529891,-73.889894126,(40.869529891: -73.889894126)
331372085,01/05/2016,17:00:00,01/05/2016,17:00:00,01/05/2016,358,OFFENSES INVOLVING FRAUD,705,FORGERY:ETC.-MISD.,COMPLETED,MISDEMEANOR,N.Y. POLICE DEPT,BRONX,46,,STREET,,,1011921,253471,40.862358928,-73.899963651,(40.862358928: -73.899963651)
203022794,01/02/2016,18:45:00,01/02/2016,19:06:00,01/02/2016,358,OFFENSES INVOLVING FRAUD,705,FORGERY:ETC.-MISD.,COMPLETED,MISDEMEANOR,N.Y. POLICE DEPT,BRONX,47,,STREET,,,1025217,264157,40.891636971,-73.851829912,(40.891636971: -73.851829912)
587066060,12/08/2015,10:00:00,12/28/2015,10:00:00,01/02/2016,358,OFFENSES INVOLVING FRAUD,705,FORGERY:ETC.-MISD.,COMPLETED,MISDEMEANOR,N.Y. POLICE DEPT,BRONX,43,INSIDE,RESIDENCE - APT. HOUSE,,,1017256,240637,40.827115055,-73.88073944,(40.827115055: -73.88073944)
333423940,12/13/2015,11:00:00,,,01/01/2016,358,OFFENSES INVOLVING FRAUD,705,FORGERY:ETC.-MISD.,COMPLETED,MISDEMEANOR,N.Y. POLICE DEPT,BRONX,43,INSIDE,RESIDENCE - APT. HOUSE,,,1024130,242706,40.832765499,-73.855889059,(40.832765499: -73.855889059)
