197951514,09/30/2016,19:30:00,09/30/2016,19:31:00,09/30/2016,348,VEHICLE AND TRAFFIC LAWS,916,LEAVING SCENE-ACCIDENT-PERSONA,COMPLETED,MISDEMEANOR,N.Y. POLICE DEPT,STATEN ISLAND,122,,STREET,,,958816,155124,40.592427438,-74.091580207,(40.592427438: -74.091580207)
219344895,09/30/2016,18:50:00,09/30/2016,19:00:00,09/30/2016,348,VEHICLE AND TRAFFIC LAWS,916,LEAVING SCENE-ACCIDENT-PERSONA,COMPLETED,MISDEMEANOR,N.Y. POLICE DEPT,STATEN ISLAND,120,,STREET,,,950529,161602,40.610180565,-74.121451048,(40.610180565: -74.121451048)
266653406,09/29/2016,15:15:00,09/29/2016,15:42:00,09/29/2016,353,UNAUTHORIZED USE OF A VEHICLE,462,UNAUTHORIZED USE VEHICLE 3,COMPLETED,MISDEMEANOR,N.Y. POLICE DEPT,STATEN ISLAND,121,,STREET,,,944259,170390,40.634275683,-74.144085114,(40.634275683: -74.144085114)
831278180,09/28/2016,18:22:00,09/28/2016,18:25:00,09/28/2016,348,VEHICLE AND TRAFFIC LAWS,916,LEAVING SCENE-ACCIDENT-PERSONA,COMPLETED,MISDEMEANOR,N.Y. POLICE DEPT,STATEN ISLAND,120,,STREET,,,956920,162010,40.611322458,-74.098434885,(40.611322458: -74.098434885)
178426744,09/28/2016,15:30:00,09/28/2016,15:32:00,09/28/2016,348,VEHICLE AND TRAFFIC LAWS,916,LEAVING SCENE-ACCIDENT-PERSONA,COMPLETED,MISDEMEANOR,N.Y. POLICE DEPT,STATEN ISLAND,120,,STREET,,,961142,163793,40.61622844,-74.083234776,(40.61622844: -74.083234776)
653172770,09/27/2016,06:30:00,09/27/2016,06:40:00,09/27/2016,348,VEHICLE AND TRAFFIC LAWS,916,LEAVING SCENE-ACCIDENT-PERSONA,COMPLETED,MISDEMEANOR,N.Y. POLICE DEPT,STATEN ISLAND,120,,STREET,,,964777,164972,40.619473286,-74.070145178,(40.619473286: -74.070145178)
690442470,09/26/2016,19:50:00,09/26/2016,19:58:00,09/26/2016,353,UNAUTHORIZED USE OF A VEHICLE,462,UNAUTHORIZED USE VEHICLE 3,COMPLETED,MISDEMEANOR,N.Y. POLICE DEPT,STATEN ISLAND,121,,STREET,,,937300,172838,40.640960756,-74.169174688,(40.640960756: -74.169174688)
835269819,09/25/2016,02:20:00,09/25/2016,02:20:00,09/25/2016,348,VEHICLE AND TRAFFIC LAWS,916,LEAVING SCENE-ACCIDENT-PERSONA,COMPLETED,MISDEMEANOR,N.Y. POLICE DEPT,STATEN ISLAND,122,,BRIDGE,,,966300,157946,40.600191577,-74.064640501,(40.600191577: -74.064640501)
989709338,09/24/2016,20:00:00,09/24/2016,20:40:00,09/24/2016,348,VEHICLE AND TRAFFIC LAWS,916,LEAVING SCENE-ACCIDENT-PERSONA,COMPLETED,MISDEMEANOR,N.Y. POLICE DEPT,STATEN ISLAND,121,,STREET,,,943247,152449,40.585026755,-74.147622309,(40.585026755: -74.147622309)
741703281,09/23/2016,15:30:00,09/23/2016,15:35:00,09/23/2016,348,VEHICLE AND TRAFFIC LAWS,916,LEAVING SCENE-ACCIDENT-PERSONA,COMPLETED,MISDEMEANOR,N.Y. POLICE DEPT,STATEN ISLAND,121,,STREET,,,948081,158420,40.601436979,-74.130250714,(40.601436979: -74.130250714)
419304600,09/23/2016,00:25:00,09/23/2016,00:40:00,09/23/2016,348,VEHICLE AND TRAFFIC LAWS,918,RECKLESS DRIVING,COMPLETED,MISDEMEANOR,N.Y. POLICE DEPT,STATEN ISLAND,121,REAR OF,PARKING LOT/GARAGE (PRIVATE),,,937064,147884,40.572465993,-74.169850708,(40.572465993: -74.169850708)
551064616,09/23/2016,00:05:00,09/23/2016,00:23:00,09/23/2016,353,UNAUTHORIZED USE OF A VEHICLE,462,UNAUTHORIZED USE VEHICLE 3,COMPLETED,MISDEMEANOR,N.Y. POLICE DEPT,STATEN ISLAND,122,FRONT OF,STREET,,,944218,139422,40.549274651,-74.14404935,(40.549274651: -74.14404935)
765370789,09/23/2016,00:05:00,09/23/2016,00:23:00,09/23/2016,353,UNAUTHORIZED USE OF A VEHICLE,462,UNAUTHORIZED USE VEHICLE 3,ATTEMPTED,MISDEMEANOR,N.Y. POLICE DEPT,STATEN ISLAND,122,FRONT OF,STREET,,,944218,139422,40.549274651,-74.14404935,(40.549274651: -74.14404935)
877981603,09/23/2016,00:05:00,09/23/2016,00:23:00,09/23/2016,353,UNAUTHORIZED USE OF A VEHICLE,462,UNAUTHORIZED USE VEHICLE 3,ATTEMPTED,MISDEMEANOR,N.Y. POLICE DEPT,STATEN ISLAND,122,FRONT OF,STREET,,,944218,139422,40.549274651,-74.14404935,(40.549274651: -74.14404935)
905310849,09/21/2016,18:00:00,09/21/2016,18:30:00,09/21/2016,348,VEHICLE AND TRAFFIC LAWS,916,LEAVING SCENE-ACCIDENT-PERSONA,COMPLETED,MISDEMEANOR,N.Y. POLICE DEPT,STATEN ISLAND,121,,STREET,,,943849,170825,40.635467803,-74.145564905,(40.635467803: -74.145564905)
876867768,09/21/2016,12:00:00,09/21/2016,13:00:00,09/21/2016,353,UNAUTHORIZED USE OF A VEHICLE,462,UNAUTHORIZED USE VEHICLE 3,COMPLETED,MISDEMEANOR,N.Y. POLICE DEPT,STATEN ISLAND,121,FRONT OF,RESIDENCE-HOUSE,,,942447,170870,40.635584812,-74.150616534,(40.635584812: -74.150616534)
358887636,09/21/2016,08:45:00,09/21/2016,08:50:00,09/21/2016,348,VEHICLE AND TRAFFIC LAWS,916,LEAVING SCENE-ACCIDENT-PERSONA,COMPLETED,MISDEMEANOR,N.Y. POLICE DEPT,STATEN ISLAND,121,,STREET,,,944953,169993,40.633189109,-74.141582392,(40.633189109: -74.141582392)
668133412,09/20/2016,18:00:00,09/20/2016,20:00:00,09/20/2016,353,UNAUTHORIZED USE OF A VEHICLE,462,UNAUTHORIZED USE VEHICLE 3,COMPLETED,MISDEMEANOR,N.Y. POLICE DEPT,STATEN ISLAND,121,FRONT OF,RESIDENCE-HOUSE,,,939219,153247,40.587197555,-74.162129383,(40.587197555: -74.162129383)
747752580,09/20/2016,15:30:00,09/20/2016,16:00:00,09/20/2016,353,UNAUTHORIZED USE OF A VEHICLE,462,UNAUTHORIZED USE VEHICLE 3,COMPLETED,MISDEMEANOR,N.Y. POLICE DEPT,STATEN ISLAND,120,FRONT OF,STREET,,,963277,164287,40.617589679,-74.0755462,(40.617589679: -74.0755462)
175289878,09/16/2016,12:45:00,09/16/2016,13:00:00,09/16/2016,348,VEHICLE AND TRAFFIC LAWS,916,LEAVING SCENE-ACCIDENT-PERSONA,COMPLETED,MISDEMEANOR,N.Y. POLICE DEPT,STATEN ISLAND,122,,STREET,,,947214,145140,40.564982466,-74.133300114,(40.564982466: -74.133300114)
868579410,09/13/2016,14:15:00,09/13/2016,14:20:00,09/13/2016,353,UNAUTHORIZED USE OF A VEHICLE,462,UNAUTHORIZED USE VEHICLE 3,COMPLETED,MISDEMEANOR,N.Y. POLICE DEPT,STATEN ISLAND,120,REAR OF,PARKING LOT/GARAGE (PRIVATE),,,950249,170327,40.63412778,-74.122503441,(40.63412778: -74.122503441)
554678770,09/13/2016,07:55:00,09/13/2016,07:55:00,09/13/2016,348,VEHICLE AND TRAFFIC LAWS,916,LEAVING SCENE-ACCIDENT-PERSONA,COMPLETED,MISDEMEANOR,N.Y. POLICE DEPT,STATEN ISLAND,121,,STREET,,,946845,171026,40.636032663,-74.134771549,(40.636032663: -74.134771549)
674020803,07/01/2016,19:00:00,09/13/2016,12:20:00,09/13/2016,353,UNAUTHORIZED USE OF A VEHICLE,462,UNAUTHORIZED USE VEHICLE 3,COMPLETED,MISDEMEANOR,N.Y. POLICE DEPT,STATEN ISLAND,122,INSIDE,COMMERCIAL BUILDING,,,940287,138462,40.546621022,-74.158188075,(40.546621022: -74.158188075)
223776756,09/11/2016,12:00:00,,,09/11/2016,348,VEHICLE AND TRAFFIC LAWS,916,LEAVING SCENE-ACCIDENT-PERSONA,COMPLETED,MISDEMEANOR,N.Y. POLICE DEPT,STATEN ISLAND,122,,STREET,,,938605,137259,40.543310523,-74.164232078,(40.543310523: -74.164232078)
619587002,08/09/2016,09:00:00,,,09/10/2016,353,UNAUTHORIZED USE OF A VEHICLE,462,UNAUTHORIZED USE VEHICLE 3,COMPLETED,MISDEMEANOR,N.Y. POLICE DEPT,STATEN ISLAND,122,FRONT OF,RESIDENCE-HOUSE,,,941103,139087,40.548340533,-74.155255955,(40.548340533: -74.155255955)
830541895,09/09/2016,03:00:00,09/09/2016,03:15:00,09/09/2016,353,UNAUTHORIZED USE OF A VEHICLE,462,UNAUTHORIZED USE VEHICLE 3,COMPLETED,MISDEMEANOR,N.Y. POLICE DEPT,STATEN ISLAND,122,FRONT OF,STREET,,,959038,149290,40.576414907,-74.090759101,(40.576414907: -74.090759101)
773896226,09/06/2016,10:00:00,09/06/2016,15:00:00,09/09/2016,353,UNAUTHORIZED USE OF A VEHICLE,462,UNAUTHORIZED USE VEHICLE 3,COMPLETED,MISDEMEANOR,N.Y. POLICE DEPT,STATEN ISLAND,121,INSIDE,RESIDENCE-HOUSE,,,942825,166367,40.623226819,-74.149226973,(40.623226819: -74.149226973)
548802277,09/08/2016,23:40:00,09/08/2016,23:50:00,09/08/2016,348,VEHICLE AND TRAFFIC LAWS,916,LEAVING SCENE-ACCIDENT-PERSONA,COMPLETED,MISDEMEANOR,N.Y. POLICE DEPT,STATEN ISLAND,123,,HIGHWAY/PARKWAY,,,927273,142375,40.557287378,-74.205047552,(40.557287378: -74.205047552)
188973154,09/06/2016,17:00:00,09/07/2016,11:00:00,09/07/2016,353,UNAUTHORIZED USE OF A VEHICLE,462,UNAUTHORIZED USE VEHICLE 3,ATTEMPTED,MISDEMEANOR,N.Y. POLICE DEPT,STATEN ISLAND,122,FRONT OF,STREET,,,954848,149639,40.577359936,-74.105843684,(40.577359936: -74.105843684)
127193473,09/06/2016,22:20:00,09/06/2016,22:35:00,09/06/2016,348,VEHICLE AND TRAFFIC LAWS,918,RECKLESS DRIVING,COMPLETED,MISDEMEANOR,N.Y. POLICE DEPT,STATEN ISLAND,121,,STREET,,,937062,143738,40.561086037,-74.169828973,(40.561086037: -74.169828973)
943475432,09/06/2016,03:25:00,09/06/2016,03:28:00,09/06/2016,353,UNAUTHORIZED USE OF A VEHICLE,462,UNAUTHORIZED USE VEHICLE 3,COMPLETED,MISDEMEANOR,N.Y. POLICE DEPT,STATEN ISLAND,120,FRONT OF,STREET,,,964980,163186,40.614571531,-74.069408853,(40.614571531: -74.069408853)
853028010,09/06/2016,03:25:00,09/06/2016,03:28:00,09/06/2016,353,UNAUTHORIZED USE OF A VEHICLE,462,UNAUTHORIZED USE VEHICLE 3,COMPLETED,MISDEMEANOR,N.Y. POLICE DEPT,STATEN ISLAND,120,FRONT OF,STREET,,,965330,163419,40.615211821,-74.068148863,(40.615211821: -74.068148863)
704725858,09/05/2016,23:15:00,09/05/2016,23:50:00,09/06/2016,348,VEHICLE AND TRAFFIC LAWS,916,LEAVING SCENE-ACCIDENT-PERSONA,COMPLETED,MISDEMEANOR,N.Y. POLICE DEPT,STATEN ISLAND,122,,HIGHWAY/PARKWAY,,,957135,161714,40.61051066,-74.097659339,(40.61051066: -74.097659339)
809363524,09/04/2016,19:20:00,09/04/2016,19:30:00,09/04/2016,353,UNAUTHORIZED USE OF A VEHICLE,462,UNAUTHORIZED USE VEHICLE 3,COMPLETED,MISDEMEANOR,N.Y. POLICE DEPT,STATEN ISLAND,121,FRONT OF,RESIDENCE-HOUSE,,,947492,164991,40.619470583,-74.132407545,(40.619470583: -74.132407545)
196910347,09/04/2016,12:45:00,09/04/2016,12:50:00,09/04/2016,348,VEHICLE AND TRAFFIC LAWS,916,LEAVING SCENE-ACCIDENT-PERSONA,COMPLETED,MISDEMEANOR,N.Y. POLICE DEPT,STATEN ISLAND,121,,STREET,,,938327,167808,40.627159881,-74.165439914,(40.627159881: -74.165439914)
428697578,09/02/2016,19:39:00,,,09/02/2016,348,VEHICLE AND TRAFFIC LAWS,916,LEAVING SCENE-ACCIDENT-PERSONA,COMPLETED,MISDEMEANOR,N.Y. POLICE DEPT,STATEN ISLAND,120,FRONT OF,STREET,,,948862,162532,40.612726721,-74.127459783,(40.612726721: -74.127459783)
739115389,09/01/2016,21:00:00,09/01/2016,23:00:00,09/02/2016,353,UNAUTHORIZED USE OF A VEHICLE,462,UNAUTHORIZED USE VEHICLE 3,COMPLETED,MISDEMEANOR,N.Y. POLICE DEPT,STATEN ISLAND,120,,STREET,,,960899,173707,40.643439634,-74.084144347,(40.643439634: -74.084144347)
655163607,09/01/2016,22:11:00,,,09/01/2016,348,VEHICLE AND TRAFFIC LAWS,916,LEAVING SCENE-ACCIDENT-PERSONA,COMPLETED,MISDEMEANOR,N.Y. POLICE DEPT,STATEN ISLAND,120,,STREET,,,959353,170885,40.635689639,-74.08970478,(40.635689639: -74.08970478)
662682408,09/01/2016,16:16:00,09/01/2016,16:20:00,09/01/2016,348,VEHICLE AND TRAFFIC LAWS,916,LEAVING SCENE-ACCIDENT-PERSONA,COMPLETED,MISDEMEANOR,N.Y. POLICE DEPT,STATEN ISLAND,123,,STREET,,,937158,143027,40.559134993,-74.169478523,(40.559134993: -74.169478523)
904716165,08/28/2016,16:30:00,,,08/28/2016,348,VEHICLE AND TRAFFIC LAWS,916,LEAVING SCENE-ACCIDENT-PERSONA,COMPLETED,MISDEMEANOR,N.Y. POLICE DEPT,STATEN ISLAND,120,,STREET,,,950877,170392,40.63430858,-74.120241147,(40.63430858: -74.120241147)
561851625,08/28/2016,12:00:00,,,08/28/2016,348,VEHICLE AND TRAFFIC LAWS,916,LEAVING SCENE-ACCIDENT-PERSONA,COMPLETED,MISDEMEANOR,N.Y. POLICE DEPT,STATEN ISLAND,122,FRONT OF,RESIDENCE-HOUSE,,,947380,143363,40.560105641,-74.132692965,(40.560105641: -74.132692965)
979723638,08/27/2016,18:12:00,08/27/2016,18:45:00,08/27/2016,353,UNAUTHORIZED USE OF A VEHICLE,462,UNAUTHORIZED USE VEHICLE 3,COMPLETED,MISDEMEANOR,N.Y. POLICE DEPT,STATEN ISLAND,122,FRONT OF,STREET,,,947034,145194,40.565129931,-74.13394826,(40.565129931: -74.13394826)
810256989,08/26/2016,18:00:00,08/26/2016,18:05:00,08/26/2016,348,VEHICLE AND TRAFFIC LAWS,916,LEAVING SCENE-ACCIDENT-PERSONA,COMPLETED,MISDEMEANOR,N.Y. POLICE DEPT,STATEN ISLAND,122,,STREET,,,963550,156201,40.595395908,-74.07453807,(40.595395908: -74.07453807)
542866122,04/22/2016,23:55:00,,,08/25/2016,353,UNAUTHORIZED USE OF A VEHICLE,462,UNAUTHORIZED USE VEHICLE 3,COMPLETED,MISDEMEANOR,N.Y. POLICE DEPT,STATEN ISLAND,121,FRONT OF,STREET,,,946349,166096,40.622498758,-74.136530946,(40.622498758: -74.136530946)
501240944,08/24/2016,21:00:00,08/24/2016,21:30:00,08/24/2016,348,VEHICLE AND TRAFFIC LAWS,916,LEAVING SCENE-ACCIDENT-PERSONA,COMPLETED,MISDEMEANOR,N.Y. POLICE DEPT,STATEN ISLAND,121,,STREET,,,939732,169424,40.631602626,-74.160389045,(40.631602626: -74.160389045)
891619078,08/24/2016,09:50:00,08/24/2016,09:55:00,08/24/2016,348,VEHICLE AND TRAFFIC LAWS,916,LEAVING SCENE-ACCIDENT-PERSONA,COMPLETED,MISDEMEANOR,N.Y. POLICE DEPT,STATEN ISLAND,121,,STREET,,,944925,166882,40.624649955,-74.141665145,(40.624649955: -74.141665145)
969290876,08/22/2016,14:05:00,08/22/2016,14:10:00,08/22/2016,348,VEHICLE AND TRAFFIC LAWS,922,TRAFFIC:UNCLASSIFIED MISDEMEAN,COMPLETED,MISDEMEANOR,N.Y. POLICE DEPT,STATEN ISLAND,120,FRONT OF,STREET,,,960620,163292,40.614851923,-74.085113228,(40.614851923: -74.085113228)
432238021,08/21/2016,12:40:00,,,08/21/2016,348,VEHICLE AND TRAFFIC LAWS,916,LEAVING SCENE-ACCIDENT-PERSONA,COMPLETED,MISDEMEANOR,N.Y. POLICE DEPT,STATEN ISLAND,123,,STREET,,,922046,135071,40.537204219,-74.223790999,(40.537204219: -74.223790999)
818658107,07/30/2016,00:00:00,08/18/2016,19:00:00,08/18/2016,353,UNAUTHORIZED USE OF A VEHICLE,462,UNAUTHORIZED USE VEHICLE 3,COMPLETED,MISDEMEANOR,N.Y. POLICE DEPT,STATEN ISLAND,120,OPPOSITE OF,STREET,,,960832,163500,40.615423403,-74.084350357,(40.615423403: -74.084350357)
147565922,08/17/2016,11:10:00,,,08/17/2016,348,VEHICLE AND TRAFFIC LAWS,922,TRAFFIC:UNCLASSIFIED MISDEMEAN,COMPLETED,MISDEMEANOR,N.Y. POLICE DEPT,STATEN ISLAND,123,FRONT OF,STREET,,,930287,135900,40.539533625,-74.194149302,(40.539533625: -74.194149302)
860965828,08/13/2016,23:30:00,08/13/2016,23:50:00,08/14/2016,348,VEHICLE AND TRAFFIC LAWS,916,LEAVING SCENE-ACCIDENT-PERSONA,COMPLETED,MISDEMEANOR,N.Y. POLICE DEPT,STATEN ISLAND,120,,STREET,,,960518,165773,40.621661478,-74.085489338,(40.621661478: -74.085489338)
657387114,07/27/2016,12:30:00,08/04/2016,17:00:00,08/12/2016,353,UNAUTHORIZED USE OF A VEHICLE,462,UNAUTHORIZED USE VEHICLE 3,COMPLETED,MISDEMEANOR,N.Y. POLICE DEPT,STATEN ISLAND,120,INSIDE,OTHER,,,959527,161250,40.609244073,-74.089042574,(40.609244073: -74.089042574)
639314530,08/11/2016,14:00:00,,,08/11/2016,353,UNAUTHORIZED USE OF A VEHICLE,462,UNAUTHORIZED USE VEHICLE 3,COMPLETED,MISDEMEANOR,N.Y. POLICE DEPT,STATEN ISLAND,122,FRONT OF,STORE UNCLASSIFIED,,,939399,137840,40.544909306,-74.161379125,(40.544909306: -74.161379125)
200355388,08/09/2016,13:30:00,08/09/2016,13:40:00,08/09/2016,348,VEHICLE AND TRAFFIC LAWS,916,LEAVING SCENE-ACCIDENT-PERSONA,COMPLETED,MISDEMEANOR,N.Y. POLICE DEPT,STATEN ISLAND,121,FRONT OF,STREET,,,938101,153589,40.588130525,-74.166156916,(40.588130525: -74.166156916)
354860365,12/20/2015,13:00:00,08/06/2016,10:46:00,08/07/2016,353,UNAUTHORIZED USE OF A VEHICLE,462,UNAUTHORIZED USE VEHICLE 3,COMPLETED,MISDEMEANOR,N.Y. POLICE DEPT,STATEN ISLAND,121,FRONT OF,STREET,,,937435,170749,40.635227622,-74.168673754,(40.635227622: -74.168673754)
210034369,08/05/2016,19:00:00,,,08/05/2016,348,VEHICLE AND TRAFFIC LAWS,916,LEAVING SCENE-ACCIDENT-PERSONA,COMPLETED,MISDEMEANOR,N.Y. POLICE DEPT,STATEN ISLAND,120,FRONT OF,STREET,,,961157,162079,40.611523905,-74.083174885,(40.611523905: -74.083174885)
705952389,08/03/2016,01:00:00,08/05/2016,11:50:00,08/05/2016,353,UNAUTHORIZED USE OF A VEHICLE,462,UNAUTHORIZED USE VEHICLE 3,COMPLETED,MISDEMEANOR,N.Y. POLICE DEPT,STATEN ISLAND,122,,STREET,,,957044,155424,40.593245616,-74.097961751,(40.593245616: -74.097961751)
852273806,08/02/2016,22:00:00,,,08/02/2016,348,VEHICLE AND TRAFFIC LAWS,916,LEAVING SCENE-ACCIDENT-PERSONA,COMPLETED,MISDEMEANOR,N.Y. POLICE DEPT,STATEN ISLAND,121,,STREET,,,940670,154266,40.590001755,-74.156911841,(40.590001755: -74.156911841)
608243212,08/02/2016,14:50:00,08/02/2016,15:00:00,08/02/2016,348,VEHICLE AND TRAFFIC LAWS,916,LEAVING SCENE-ACCIDENT-PERSONA,COMPLETED,MISDEMEANOR,N.Y. POLICE DEPT,STATEN ISLAND,123,FRONT OF,PUBLIC BUILDING,,,931029,132978,40.531517782,-74.191456768,(40.531517782: -74.191456768)
265404162,08/02/2016,03:39:00,08/02/2016,03:40:00,08/02/2016,353,UNAUTHORIZED USE OF A VEHICLE,462,UNAUTHORIZED USE VEHICLE 3,COMPLETED,MISDEMEANOR,N.Y. POLICE DEPT,STATEN ISLAND,120,FRONT OF,STREET,,,955302,170087,40.633486987,-74.104297006,(40.633486987: -74.104297006)
816073033,08/01/2016,20:00:00,08/02/2016,07:50:00,08/02/2016,353,UNAUTHORIZED USE OF A VEHICLE,462,UNAUTHORIZED USE VEHICLE 3,COMPLETED,MISDEMEANOR,N.Y. POLICE DEPT,STATEN ISLAND,122,INSIDE,RESIDENCE-HOUSE,,,956499,153544,40.588083705,-74.099916402,(40.588083705: -74.099916402)
747216765,08/01/2016,21:00:00,08/01/2016,21:05:00,08/01/2016,348,VEHICLE AND TRAFFIC LAWS,916,LEAVING SCENE-ACCIDENT-PERSONA,COMPLETED,MISDEMEANOR,N.Y. POLICE DEPT,STATEN ISLAND,120,,STREET,,,960027,171660,40.637818717,-74.087279157,(40.637818717: -74.087279157)
417718412,07/31/2016,14:30:00,07/31/2016,14:35:00,07/31/2016,348,VEHICLE AND TRAFFIC LAWS,916,LEAVING SCENE-ACCIDENT-PERSONA,COMPLETED,MISDEMEANOR,N.Y. POLICE DEPT,STATEN ISLAND,120,,STREET,,,955232,170532,40.634708187,-74.10455112,(40.634708187: -74.10455112)
323033150,07/26/2016,20:15:00,07/26/2016,20:30:00,07/28/2016,353,UNAUTHORIZED USE OF A VEHICLE,462,UNAUTHORIZED USE VEHICLE 3,COMPLETED,MISDEMEANOR,N.Y. POLICE DEPT,STATEN ISLAND,121,FRONT OF,STREET,,,942693,166027,40.622292973,-74.149700383,(40.622292973: -74.149700383)
210595012,07/23/2016,14:04:00,07/23/2016,14:15:00,07/23/2016,348,VEHICLE AND TRAFFIC LAWS,916,LEAVING SCENE-ACCIDENT-PERSONA,COMPLETED,MISDEMEANOR,N.Y. POLICE DEPT,STATEN ISLAND,120,,STREET,,,963466,164224,40.617417203,-74.074865229,(40.617417203: -74.074865229)
194893348,07/21/2016,07:00:00,07/21/2016,07:05:00,07/21/2016,348,VEHICLE AND TRAFFIC LAWS,916,LEAVING SCENE-ACCIDENT-PERSONA,COMPLETED,MISDEMEANOR,N.Y. POLICE DEPT,STATEN ISLAND,120,,STREET,,,948646,167617,40.626683111,-74.128264575,(40.626683111: -74.128264575)
651417842,07/19/2016,19:30:00,07/19/2016,19:40:00,07/19/2016,353,UNAUTHORIZED USE OF A VEHICLE,462,UNAUTHORIZED USE VEHICLE 3,COMPLETED,MISDEMEANOR,N.Y. POLICE DEPT,STATEN ISLAND,123,FRONT OF,STREET,,,930379,135652,40.538853473,-74.193816331,(40.538853473: -74.193816331)
314539368,07/19/2016,10:47:00,07/19/2016,10:50:00,07/19/2016,348,VEHICLE AND TRAFFIC LAWS,916,LEAVING SCENE-ACCIDENT-PERSONA,COMPLETED,MISDEMEANOR,N.Y. POLICE DEPT,STATEN ISLAND,122,,STREET,,,939524,143873,40.561469346,-74.160969256,(40.561469346: -74.160969256)
215700980,07/18/2016,13:30:00,07/18/2016,14:00:00,07/18/2016,348,VEHICLE AND TRAFFIC LAWS,916,LEAVING SCENE-ACCIDENT-PERSONA,COMPLETED,MISDEMEANOR,N.Y. POLICE DEPT,STATEN ISLAND,122,,STREET,,,961647,158220,40.600933004,-74.081397151,(40.600933004: -74.081397151)
252976880,07/14/2016,13:45:00,07/14/2016,14:10:00,07/14/2016,348,VEHICLE AND TRAFFIC LAWS,916,LEAVING SCENE-ACCIDENT-PERSONA,COMPLETED,MISDEMEANOR,N.Y. POLICE DEPT,STATEN ISLAND,123,,STREET,,,927187,130825,40.525584331,-74.205259646,(40.525584331: -74.205259646)
206874233,07/13/2016,14:10:00,07/13/2016,14:15:00,07/13/2016,348,VEHICLE AND TRAFFIC LAWS,916,LEAVING SCENE-ACCIDENT-PERSONA,COMPLETED,MISDEMEANOR,N.Y. POLICE DEPT,STATEN ISLAND,123,,STREET,,,935681,141171,40.55403267,-74.174780684,(40.55403267: -74.174780684)
357200640,07/12/2016,02:50:00,07/12/2016,03:00:00,07/12/2016,353,UNAUTHORIZED USE OF A VEHICLE,462,UNAUTHORIZED USE VEHICLE 3,COMPLETED,MISDEMEANOR,N.Y. POLICE DEPT,STATEN ISLAND,122,FRONT OF,OTHER,,,944455,146979,40.570018204,-74.143241017,(40.570018204: -74.143241017)
940306384,07/11/2016,23:25:00,07/11/2016,23:28:00,07/11/2016,348,VEHICLE AND TRAFFIC LAWS,916,LEAVING SCENE-ACCIDENT-PERSONA,COMPLETED,MISDEMEANOR,N.Y. POLICE DEPT,STATEN ISLAND,122,FRONT OF,STREET,,,952781,147019,40.570161458,-74.113272332,(40.570161458: -74.113272332)
939059476,07/11/2016,22:00:00,07/11/2016,23:00:00,07/11/2016,353,UNAUTHORIZED USE OF A VEHICLE,462,UNAUTHORIZED USE VEHICLE 3,COMPLETED,MISDEMEANOR,N.Y. POLICE DEPT,STATEN ISLAND,123,FRONT OF,STREET,,,918376,127373,40.516048213,-74.236919486,(40.516048213: -74.236919486)
443596109,07/09/2016,22:27:00,07/09/2016,22:30:00,07/10/2016,348,VEHICLE AND TRAFFIC LAWS,916,LEAVING SCENE-ACCIDENT-PERSONA,COMPLETED,MISDEMEANOR,N.Y. POLICE DEPT,STATEN ISLAND,121,FRONT OF,FAST FOOD,,,950686,160004,40.605794982,-74.120877655,(40.605794982: -74.120877655)
441439907,07/08/2016,01:30:00,07/08/2016,02:10:00,07/08/2016,353,UNAUTHORIZED USE OF A VEHICLE,462,UNAUTHORIZED USE VEHICLE 3,COMPLETED,MISDEMEANOR,N.Y. POLICE DEPT,STATEN ISLAND,120,,STREET,,,952363,164517,40.618188423,-74.114859484,(40.618188423: -74.114859484)
556033982,07/06/2016,01:25:00,07/06/2016,01:30:00,07/06/2016,353,UNAUTHORIZED USE OF A VEHICLE,462,UNAUTHORIZED USE VEHICLE 3,COMPLETED,MISDEMEANOR,N.Y. POLICE DEPT,STATEN ISLAND,121,FRONT OF,RESIDENCE - APT. HOUSE,,,944726,166256,40.622930832,-74.142378352,(40.622930832: -74.142378352)
917048826,07/05/2016,17:50:00,,,07/05/2016,348,VEHICLE AND TRAFFIC LAWS,916,LEAVING SCENE-ACCIDENT-PERSONA,COMPLETED,MISDEMEANOR,N.Y. POLICE DEPT,STATEN ISLAND,120,FRONT OF,STREET,,,954155,165177,40.620006253,-74.108407588,(40.620006253: -74.108407588)
793997377,07/04/2016,15:43:00,,,07/04/2016,348,VEHICLE AND TRAFFIC LAWS,916,LEAVING SCENE-ACCIDENT-PERSONA,COMPLETED,MISDEMEANOR,TRI-BORO BRDG TUNNL,STATEN ISLAND,122,,BRIDGE,,,966300,157946,40.600191577,-74.064640501,(40.600191577: -74.064640501)
250545931,07/04/2016,05:00:00,07/04/2016,12:00:00,07/04/2016,353,UNAUTHORIZED USE OF A VEHICLE,462,UNAUTHORIZED USE VEHICLE 3,COMPLETED,MISDEMEANOR,N.Y. POLICE DEPT,STATEN ISLAND,121,FRONT OF,PARKING LOT/GARAGE (PRIVATE),,,940771,167798,40.627144766,-74.156635312,(40.627144766: -74.156635312)
627530891,07/03/2016,21:10:00,07/03/2016,21:14:00,07/03/2016,348,VEHICLE AND TRAFFIC LAWS,916,LEAVING SCENE-ACCIDENT-PERSONA,COMPLETED,MISDEMEANOR,N.Y. POLICE DEPT,STATEN ISLAND,121,,STREET,,,938361,168951,40.630297346,-74.1653252,(40.630297346: -74.1653252)
534292327,06/28/2016,13:30:00,06/28/2016,13:40:00,06/28/2016,348,VEHICLE AND TRAFFIC LAWS,916,LEAVING SCENE-ACCIDENT-PERSONA,COMPLETED,MISDEMEANOR,N.Y. POLICE DEPT,STATEN ISLAND,120,,STREET,,,960036,161484,40.60988776,-74.087210225,(40.60988776: -74.087210225)
178620615,06/28/2016,11:40:00,06/28/2016,12:00:00,06/28/2016,348,VEHICLE AND TRAFFIC LAWS,916,LEAVING SCENE-ACCIDENT-PERSONA,COMPLETED,MISDEMEANOR,TRI-BORO BRDG TUNNL,STATEN ISLAND,122,,BRIDGE,,,965091,159482,40.604405052,-74.068998541,(40.604405052: -74.068998541)
635865005,06/27/2016,02:00:00,06/27/2016,02:10:00,06/27/2016,353,UNAUTHORIZED USE OF A VEHICLE,462,UNAUTHORIZED USE VEHICLE 3,COMPLETED,MISDEMEANOR,N.Y. POLICE DEPT,STATEN ISLAND,120,FRONT OF,STREET,,,959957,173683,40.643371226,-74.087538657,(40.643371226: -74.087538657)
247646656,06/16/2016,10:00:00,06/27/2016,13:30:00,06/27/2016,353,UNAUTHORIZED USE OF A VEHICLE,462,UNAUTHORIZED USE VEHICLE 3,COMPLETED,MISDEMEANOR,N.Y. POLICE DEPT,STATEN ISLAND,121,FRONT OF,STREET,,,943467,168110,40.628013961,-74.146924829,(40.628013961: -74.146924829)
601048379,06/25/2016,16:15:00,06/25/2016,16:18:00,06/25/2016,348,VEHICLE AND TRAFFIC LAWS,916,LEAVING SCENE-ACCIDENT-PERSONA,COMPLETED,MISDEMEANOR,N.Y. POLICE DEPT,STATEN ISLAND,122,,STREET,,,943696,136930,40.542432219,-74.145912732,(40.542432219: -74.145912732)
779041435,06/24/2016,23:40:00,06/24/2016,23:55:00,06/25/2016,348,VEHICLE AND TRAFFIC LAWS,916,LEAVING SCENE-ACCIDENT-PERSONA,COMPLETED,MISDEMEANOR,N.Y. POLICE DEPT,STATEN ISLAND,121,,PUBLIC BUILDING,,,945869,166736,40.624253356,-74.13826367,(40.624253356: -74.13826367)
807304647,06/24/2016,12:25:00,06/24/2016,12:30:00,06/24/2016,348,VEHICLE AND TRAFFIC LAWS,916,LEAVING SCENE-ACCIDENT-PERSONA,COMPLETED,MISDEMEANOR,N.Y. POLICE DEPT,STATEN ISLAND,121,,STREET,,,940784,168397,40.628788956,-74.156592337,(40.628788956: -74.156592337)
642484927,06/21/2016,15:15:00,06/21/2016,15:30:00,06/21/2016,348,VEHICLE AND TRAFFIC LAWS,916,LEAVING SCENE-ACCIDENT-PERSONA,COMPLETED,MISDEMEANOR,N.Y. POLICE DEPT,STATEN ISLAND,120,,STREET,,,959930,169415,40.631656406,-74.087620565,(40.631656406: -74.087620565)
562172584,06/20/2016,14:20:00,06/20/2016,14:30:00,06/20/2016,348,VEHICLE AND TRAFFIC LAWS,916,LEAVING SCENE-ACCIDENT-PERSONA,COMPLETED,MISDEMEANOR,N.Y. POLICE DEPT,STATEN ISLAND,120,FRONT OF,STREET,,,962824,174279,40.645014517,-74.07720963,(40.645014517: -74.07720963)
735503613,06/16/2016,09:10:00,06/16/2016,09:15:00,06/20/2016,348,VEHICLE AND TRAFFIC LAWS,916,LEAVING SCENE-ACCIDENT-PERSONA,COMPLETED,MISDEMEANOR,N.Y. POLICE DEPT,STATEN ISLAND,120,,STREET,,,962873,174172,40.644720944,-74.07703272,(40.644720944: -74.07703272)
150533942,06/19/2016,22:50:00,06/19/2016,23:00:00,06/19/2016,348,VEHICLE AND TRAFFIC LAWS,916,LEAVING SCENE-ACCIDENT-PERSONA,COMPLETED,MISDEMEANOR,N.Y. POLICE DEPT,STATEN ISLAND,121,,STREET,,,948323,170167,40.633681011,-74.129441753,(40.633681011: -74.129441753)
506967838,06/13/2016,03:25:00,06/13/2016,03:30:00,06/13/2016,348,VEHICLE AND TRAFFIC LAWS,916,LEAVING SCENE-ACCIDENT-PERSONA,COMPLETED,MISDEMEANOR,N.Y. POLICE DEPT,STATEN ISLAND,122,,STREET,,,946530,142910,40.558858669,-74.1357495,(40.558858669: -74.1357495)
204412234,06/12/2016,06:30:00,06/12/2016,06:35:00,06/12/2016,348,VEHICLE AND TRAFFIC LAWS,916,LEAVING SCENE-ACCIDENT-PERSONA,COMPLETED,MISDEMEANOR,N.Y. POLICE DEPT,STATEN ISLAND,122,,STREET,,,961428,158590,40.601948018,-74.082187042,(40.601948018: -74.082187042)
815891667,06/11/2015,15:00:00,,,06/11/2016,348,VEHICLE AND TRAFFIC LAWS,922,TRAFFIC:UNCLASSIFIED MISDEMEAN,COMPLETED,MISDEMEANOR,N.Y. POLICE DEPT,STATEN ISLAND,120,FRONT OF,STREET,,,960021,172286,40.639536936,-74.087303024,(40.639536936: -74.087303024)
800475336,06/08/2016,07:00:00,06/09/2016,15:48:00,06/09/2016,353,UNAUTHORIZED USE OF A VEHICLE,462,UNAUTHORIZED USE VEHICLE 3,COMPLETED,MISDEMEANOR,N.Y. POLICE DEPT,STATEN ISLAND,122,FRONT OF,STREET,,,956841,154049,40.589470893,-74.098687112,(40.589470893: -74.098687112)
112938402,06/08/2016,14:00:00,,,06/08/2016,348,VEHICLE AND TRAFFIC LAWS,916,LEAVING SCENE-ACCIDENT-PERSONA,COMPLETED,MISDEMEANOR,TRI-BORO BRDG TUNNL,STATEN ISLAND,122,,BRIDGE,,,966300,157946,40.600191577,-74.064640501,(40.600191577: -74.064640501)
778913848,06/07/2016,23:25:00,06/07/2016,23:30:00,06/08/2016,353,UNAUTHORIZED USE OF A VEHICLE,462,UNAUTHORIZED USE VEHICLE 3,COMPLETED,MISDEMEANOR,N.Y. POLICE DEPT,STATEN ISLAND,120,,STREET,,,959470,174811,40.646465992,-74.089297652,(40.646465992: -74.089297652)
202904741,06/06/2016,14:35:00,06/06/2016,14:40:00,06/06/2016,348,VEHICLE AND TRAFFIC LAWS,916,LEAVING SCENE-ACCIDENT-PERSONA,COMPLETED,MISDEMEANOR,N.Y. POLICE DEPT,STATEN ISLAND,121,,STREET,,,942953,167054,40.625113085,-74.148770082,(40.625113085: -74.148770082)
247922589,06/05/2016,15:00:00,,,06/05/2016,348,VEHICLE AND TRAFFIC LAWS,916,LEAVING SCENE-ACCIDENT-PERSONA,COMPLETED,MISDEMEANOR,N.Y. POLICE DEPT,STATEN ISLAND,121,FRONT OF,PARKING LOT/GARAGE (PUBLIC),,,937064,147884,40.572465993,-74.169850708,(40.572465993: -74.169850708)
833072162,06/05/2016,03:20:00,06/05/2016,03:25:00,06/05/2016,353,UNAUTHORIZED USE OF A VEHICLE,462,UNAUTHORIZED USE VEHICLE 3,COMPLETED,MISDEMEANOR,N.Y. POLICE DEPT,STATEN ISLAND,120,FRONT OF,RESIDENCE - APT. HOUSE,,,961172,162476,40.612613627,-74.083122217,(40.612613627: -74.083122217)
221417766,06/04/2016,11:30:00,,,06/04/2016,348,VEHICLE AND TRAFFIC LAWS,916,LEAVING SCENE-ACCIDENT-PERSONA,COMPLETED,MISDEMEANOR,N.Y. POLICE DEPT,STATEN ISLAND,121,,HIGHWAY/PARKWAY,,,942822,166353,40.623188378,-74.149237695,(40.623188378: -74.149237695)
583413521,06/01/2016,23:00:00,06/02/2016,09:33:00,06/02/2016,353,UNAUTHORIZED USE OF A VEHICLE,462,UNAUTHORIZED USE VEHICLE 3,COMPLETED,MISDEMEANOR,N.Y. POLICE DEPT,STATEN ISLAND,122,INSIDE,CHAIN STORE,,,960587,156875,40.597238485,-74.085209605,(40.597238485: -74.085209605)
873872876,05/31/2016,11:00:00,06/02/2016,11:00:00,06/02/2016,353,UNAUTHORIZED USE OF A VEHICLE,462,UNAUTHORIZED USE VEHICLE 3,COMPLETED,MISDEMEANOR,N.Y. POLICE DEPT,STATEN ISLAND,121,FRONT OF,STREET,,,930085,158593,40.601820107,-74.19505786,(40.601820107: -74.19505786)
908321871,05/26/2016,16:06:00,05/26/2016,16:30:00,05/26/2016,348,VEHICLE AND TRAFFIC LAWS,916,LEAVING SCENE-ACCIDENT-PERSONA,COMPLETED,MISDEMEANOR,N.Y. POLICE DEPT,STATEN ISLAND,120,,STREET,,,960802,175455,40.648237259,-74.084499952,(40.648237259: -74.084499952)
840193011,03/15/2016,16:00:00,05/25/2016,15:20:00,05/25/2016,353,UNAUTHORIZED USE OF A VEHICLE,462,UNAUTHORIZED USE VEHICLE 3,COMPLETED,MISDEMEANOR,N.Y. POLICE DEPT,STATEN ISLAND,121,INSIDE,OTHER,,,935096,161769,40.610566773,-74.177035653,(40.610566773: -74.177035653)
787015600,03/14/2016,19:00:00,05/25/2016,15:00:00,05/25/2016,353,UNAUTHORIZED USE OF A VEHICLE,462,UNAUTHORIZED USE VEHICLE 3,COMPLETED,MISDEMEANOR,N.Y. POLICE DEPT,STATEN ISLAND,121,FRONT OF,OTHER,,,935096,161769,40.610566773,-74.177035653,(40.610566773: -74.177035653)
529668661,05/23/2016,10:10:00,05/23/2016,10:15:00,05/23/2016,348,VEHICLE AND TRAFFIC LAWS,916,LEAVING SCENE-ACCIDENT-PERSONA,COMPLETED,MISDEMEANOR,N.Y. POLICE DEPT,STATEN ISLAND,121,FRONT OF,RESIDENCE-HOUSE,,,945193,159744,40.605058828,-74.140658417,(40.605058828: -74.140658417)
871086553,05/22/2016,14:15:00,,,05/22/2016,348,VEHICLE AND TRAFFIC LAWS,916,LEAVING SCENE-ACCIDENT-PERSONA,COMPLETED,MISDEMEANOR,N.Y. POLICE DEPT,STATEN ISLAND,121,,STREET,,,947282,171822,40.638219346,-74.133201402,(40.638219346: -74.133201402)
191630390,05/21/2016,03:08:00,05/21/2016,03:28:00,05/21/2016,353,UNAUTHORIZED USE OF A VEHICLE,462,UNAUTHORIZED USE VEHICLE 3,COMPLETED,MISDEMEANOR,N.Y. POLICE DEPT,STATEN ISLAND,122,,STREET,,,961369,155397,40.593183727,-74.082388694,(40.593183727: -74.082388694)
186744714,05/20/2016,19:00:00,,,05/20/2016,353,UNAUTHORIZED USE OF A VEHICLE,462,UNAUTHORIZED USE VEHICLE 3,COMPLETED,MISDEMEANOR,TRI-BORO BRDG TUNNL,STATEN ISLAND,122,FRONT OF,TRANSIT FACILITY (OTHER),,,966224,158127,40.600688231,-74.064914665,(40.600688231: -74.064914665)
648278195,05/18/2016,21:20:00,05/18/2016,21:25:00,05/18/2016,348,VEHICLE AND TRAFFIC LAWS,916,LEAVING SCENE-ACCIDENT-PERSONA,COMPLETED,MISDEMEANOR,N.Y. POLICE DEPT,STATEN ISLAND,121,,STREET,,,946981,171285,40.636744136,-74.134282972,(40.636744136: -74.134282972)
197421601,05/18/2016,15:50:00,05/18/2016,15:58:00,05/18/2016,353,UNAUTHORIZED USE OF A VEHICLE,462,UNAUTHORIZED USE VEHICLE 3,COMPLETED,MISDEMEANOR,N.Y. POLICE DEPT,STATEN ISLAND,121,FRONT OF,STREET,,,940380,169100,40.630716549,-74.158052357,(40.630716549: -74.158052357)
160657094,05/18/2016,15:45:00,05/18/2016,15:50:00,05/18/2016,348,VEHICLE AND TRAFFIC LAWS,916,LEAVING SCENE-ACCIDENT-PERSONA,COMPLETED,MISDEMEANOR,N.Y. POLICE DEPT,STATEN ISLAND,120,,OTHER,,,959610,169613,40.632198989,-74.08877417,(40.632198989: -74.08877417)
319590081,05/16/2016,14:25:00,,,05/16/2016,348,VEHICLE AND TRAFFIC LAWS,916,LEAVING SCENE-ACCIDENT-PERSONA,COMPLETED,MISDEMEANOR,N.Y. POLICE DEPT,STATEN ISLAND,123,,STREET,,,914928,125757,40.511586338,-74.249303727,(40.511586338: -74.249303727)
630604614,05/16/2016,05:50:00,05/16/2016,05:58:00,05/16/2016,348,VEHICLE AND TRAFFIC LAWS,916,LEAVING SCENE-ACCIDENT-PERSONA,COMPLETED,MISDEMEANOR,N.Y. POLICE DEPT,STATEN ISLAND,120,FRONT OF,TUNNEL,,,959909,161320,40.609437266,-74.087667034,(40.609437266: -74.087667034)
364661801,05/14/2016,18:40:00,05/14/2016,18:45:00,05/14/2016,348,VEHICLE AND TRAFFIC LAWS,916,LEAVING SCENE-ACCIDENT-PERSONA,COMPLETED,MISDEMEANOR,N.Y. POLICE DEPT,STATEN ISLAND,121,FRONT OF,STREET,,,937325,151467,40.582301992,-74.168936095,(40.582301992: -74.168936095)
299301859,05/12/2016,17:50:00,,,05/12/2016,348,VEHICLE AND TRAFFIC LAWS,916,LEAVING SCENE-ACCIDENT-PERSONA,COMPLETED,MISDEMEANOR,N.Y. POLICE DEPT,STATEN ISLAND,121,,HIGHWAY/PARKWAY,,,947564,160915,40.608283113,-74.132126048,(40.608283113: -74.132126048)
521962100,05/12/2016,17:33:00,,,05/12/2016,348,VEHICLE AND TRAFFIC LAWS,916,LEAVING SCENE-ACCIDENT-PERSONA,COMPLETED,MISDEMEANOR,N.Y. POLICE DEPT,STATEN ISLAND,120,,STREET,,,962886,165227,40.620168849,-74.076957556,(40.620168849: -74.076957556)
320489957,05/12/2016,08:12:00,,,05/12/2016,348,VEHICLE AND TRAFFIC LAWS,916,LEAVING SCENE-ACCIDENT-PERSONA,COMPLETED,MISDEMEANOR,N.Y. POLICE DEPT,STATEN ISLAND,120,,STREET,,,948833,169254,40.631177076,-74.127599501,(40.631177076: -74.127599501)
951628122,05/11/2016,07:00:00,05/11/2016,07:15:00,05/11/2016,353,UNAUTHORIZED USE OF A VEHICLE,462,UNAUTHORIZED USE VEHICLE 3,COMPLETED,MISDEMEANOR,N.Y. POLICE DEPT,STATEN ISLAND,122,,STREET,,,955825,144469,40.563172488,-74.102304915,(40.563172488: -74.102304915)
461480362,05/08/2016,21:00:00,05/09/2016,10:00:00,05/09/2016,353,UNAUTHORIZED USE OF A VEHICLE,462,UNAUTHORIZED USE VEHICLE 3,COMPLETED,MISDEMEANOR,N.Y. POLICE DEPT,STATEN ISLAND,121,FRONT OF,STREET,,,937989,162843,40.613530254,-74.166623539,(40.613530254: -74.166623539)
502419065,05/07/2016,14:08:00,,,05/07/2016,348,VEHICLE AND TRAFFIC LAWS,916,LEAVING SCENE-ACCIDENT-PERSONA,COMPLETED,MISDEMEANOR,N.Y. POLICE DEPT,STATEN ISLAND,122,,STREET,,,953522,155433,40.593258808,-74.110643401,(40.593258808: -74.110643401)
183152075,05/06/2016,17:00:00,05/06/2016,17:12:00,05/07/2016,348,VEHICLE AND TRAFFIC LAWS,916,LEAVING SCENE-ACCIDENT-PERSONA,COMPLETED,MISDEMEANOR,N.Y. POLICE DEPT,STATEN ISLAND,120,,STREET,,,962566,160391,40.606894253,-74.07809471,(40.606894253: -74.07809471)
337068985,04/29/2016,22:50:00,04/29/2016,22:50:00,04/29/2016,348,VEHICLE AND TRAFFIC LAWS,916,LEAVING SCENE-ACCIDENT-PERSONA,COMPLETED,MISDEMEANOR,N.Y. POLICE DEPT,STATEN ISLAND,121,,STREET,,,937945,147935,40.572610624,-74.166679843,(40.572610624: -74.166679843)
833569894,04/26/2016,16:30:00,04/26/2016,16:35:00,04/26/2016,348,VEHICLE AND TRAFFIC LAWS,916,LEAVING SCENE-ACCIDENT-PERSONA,COMPLETED,MISDEMEANOR,N.Y. POLICE DEPT,STATEN ISLAND,122,FRONT OF,STREET,,,953499,146831,40.569647954,-74.110687078,(40.569647954: -74.110687078)
787675844,04/25/2016,19:30:00,04/25/2016,19:40:00,04/25/2016,353,UNAUTHORIZED USE OF A VEHICLE,462,UNAUTHORIZED USE VEHICLE 3,COMPLETED,MISDEMEANOR,N.Y. POLICE DEPT,STATEN ISLAND,122,FRONT OF,PARKING LOT/GARAGE (PRIVATE),,,939399,137840,40.544909306,-74.161379125,(40.544909306: -74.161379125)
965504607,04/24/2016,01:30:00,,,04/24/2016,348,VEHICLE AND TRAFFIC LAWS,916,LEAVING SCENE-ACCIDENT-PERSONA,COMPLETED,MISDEMEANOR,N.Y. POLICE DEPT,STATEN ISLAND,122,,HIGHWAY/PARKWAY,,,954827,148519,40.574285688,-74.105914405,(40.574285688: -74.105914405)
373307006,03/23/2016,10:00:00,04/23/2016,01:00:00,04/23/2016,353,UNAUTHORIZED USE OF A VEHICLE,462,UNAUTHORIZED USE VEHICLE 3,COMPLETED,MISDEMEANOR,N.Y. POLICE DEPT,STATEN ISLAND,122,FRONT OF,STREET,,,957920,153469,40.58788218,-74.094799932,(40.58788218: -74.094799932)
264653706,04/21/2016,13:50:00,04/21/2016,13:50:00,04/21/2016,348,VEHICLE AND TRAFFIC LAWS,916,LEAVING SCENE-ACCIDENT-PERSONA,COMPLETED,MISDEMEANOR,N.Y. POLICE DEPT,STATEN ISLAND,121,,STREET,,,947577,162722,40.613243006,-74.132089043,(40.613243006: -74.132089043)
520962722,04/20/2016,11:30:00,,,04/20/2016,348,VEHICLE AND TRAFFIC LAWS,916,LEAVING SCENE-ACCIDENT-PERSONA,COMPLETED,MISDEMEANOR,N.Y. POLICE DEPT,STATEN ISLAND,122,,STREET,,,945736,153903,40.589028855,-74.1386696,(40.589028855: -74.1386696)
579121624,04/20/2016,08:05:00,,,04/20/2016,348,VEHICLE AND TRAFFIC LAWS,916,LEAVING SCENE-ACCIDENT-PERSONA,COMPLETED,MISDEMEANOR,N.Y. POLICE DEPT,STATEN ISLAND,120,,STREET,,,951721,170488,40.634575218,-74.117200763,(40.634575218: -74.117200763)
112410981,04/19/2016,00:20:00,04/19/2016,00:25:00,04/19/2016,353,UNAUTHORIZED USE OF A VEHICLE,462,UNAUTHORIZED USE VEHICLE 3,COMPLETED,MISDEMEANOR,N.Y. POLICE DEPT,STATEN ISLAND,122,FRONT OF,STREET,,,959277,156841,40.597141568,-74.089926659,(40.597141568: -74.089926659)
833178401,04/18/2016,07:50:00,04/18/2016,07:50:00,04/18/2016,348,VEHICLE AND TRAFFIC LAWS,916,LEAVING SCENE-ACCIDENT-PERSONA,COMPLETED,MISDEMEANOR,N.Y. POLICE DEPT,STATEN ISLAND,122,,STREET,,,959020,151404,40.582217367,-74.090831788,(40.582217367: -74.090831788)
525669489,04/16/2016,15:30:00,04/16/2016,15:40:00,04/16/2016,348,VEHICLE AND TRAFFIC LAWS,916,LEAVING SCENE-ACCIDENT-PERSONA,COMPLETED,MISDEMEANOR,N.Y. POLICE DEPT,STATEN ISLAND,121,,STREET,,,943786,166999,40.624965966,-74.145768952,(40.624965966: -74.145768952)
472411554,04/15/2016,23:54:00,04/16/2016,00:00:00,04/16/2016,353,UNAUTHORIZED USE OF A VEHICLE,462,UNAUTHORIZED USE VEHICLE 3,COMPLETED,MISDEMEANOR,N.Y. POLICE DEPT,STATEN ISLAND,121,,STREET,,,947198,159206,40.603590739,-74.133434819,(40.603590739: -74.133434819)
836911213,04/15/2016,14:30:00,04/15/2016,14:35:00,04/15/2016,353,UNAUTHORIZED USE OF A VEHICLE,462,UNAUTHORIZED USE VEHICLE 3,COMPLETED,MISDEMEANOR,N.Y. POLICE DEPT,STATEN ISLAND,121,FRONT OF,STREET,,,937403,172278,40.639424224,-74.168799665,(40.639424224: -74.168799665)
114836388,04/15/2016,11:20:00,04/15/2016,11:20:00,04/15/2016,348,VEHICLE AND TRAFFIC LAWS,916,LEAVING SCENE-ACCIDENT-PERSONA,COMPLETED,MISDEMEANOR,N.Y. POLICE DEPT,STATEN ISLAND,121,FRONT OF,CHAIN STORE,,,937064,147884,40.572465993,-74.169850708,(40.572465993: -74.169850708)
954530238,04/13/2016,12:20:00,04/13/2016,12:30:00,04/13/2016,348,VEHICLE AND TRAFFIC LAWS,916,LEAVING SCENE-ACCIDENT-PERSONA,COMPLETED,MISDEMEANOR,N.Y. POLICE DEPT,STATEN ISLAND,120,,STREET,,,963170,167779,40.627174235,-74.075942518,(40.627174235: -74.075942518)
129472504,02/28/2016,16:00:00,04/11/2016,14:00:00,04/11/2016,353,UNAUTHORIZED USE OF A VEHICLE,462,UNAUTHORIZED USE VEHICLE 3,COMPLETED,MISDEMEANOR,N.Y. POLICE DEPT,STATEN ISLAND,121,INSIDE,OTHER,,,935096,161769,40.610566773,-74.177035653,(40.610566773: -74.177035653)
236719846,02/03/2016,14:57:00,03/05/2016,16:00:00,04/11/2016,353,UNAUTHORIZED USE OF A VEHICLE,462,UNAUTHORIZED USE VEHICLE 3,ATTEMPTED,MISDEMEANOR,N.Y. POLICE DEPT,STATEN ISLAND,121,FRONT OF,PARKING LOT/GARAGE (PUBLIC),,,935096,161769,40.610566773,-74.177035653,(40.610566773: -74.177035653)
867938214,04/07/2016,12:55:00,04/07/2016,13:00:00,04/07/2016,348,VEHICLE AND TRAFFIC LAWS,916,LEAVING SCENE-ACCIDENT-PERSONA,COMPLETED,MISDEMEANOR,N.Y. POLICE DEPT,STATEN ISLAND,120,FRONT OF,STREET,,,960158,164024,40.616859867,-74.086779895,(40.616859867: -74.086779895)
568376175,04/05/2016,20:00:00,04/06/2016,12:00:00,04/07/2016,353,UNAUTHORIZED USE OF A VEHICLE,462,UNAUTHORIZED USE VEHICLE 3,COMPLETED,MISDEMEANOR,N.Y. POLICE DEPT,STATEN ISLAND,120,FRONT OF,STREET,,,948078,169567,40.632033143,-74.130321238,(40.632033143: -74.130321238)
322790784,04/04/2016,17:20:00,04/04/2016,17:30:00,04/04/2016,348,VEHICLE AND TRAFFIC LAWS,916,LEAVING SCENE-ACCIDENT-PERSONA,COMPLETED,MISDEMEANOR,N.Y. POLICE DEPT,STATEN ISLAND,120,,STREET,,,962947,168859,40.630138073,-74.076749289,(40.630138073: -74.076749289)
787232448,04/04/2016,11:45:00,04/04/2016,12:02:00,04/04/2016,353,UNAUTHORIZED USE OF A VEHICLE,462,UNAUTHORIZED USE VEHICLE 3,COMPLETED,MISDEMEANOR,N.Y. POLICE DEPT,STATEN ISLAND,121,,STREET,,,940359,169771,40.632558195,-74.158132378,(40.632558195: -74.158132378)
498132437,04/03/2016,04:05:00,04/03/2016,04:16:00,04/03/2016,348,VEHICLE AND TRAFFIC LAWS,916,LEAVING SCENE-ACCIDENT-PERSONA,COMPLETED,MISDEMEANOR,N.Y. POLICE DEPT,STATEN ISLAND,121,,STREET,,,937779,166628,40.623918176,-74.167405965,(40.623918176: -74.167405965)
108849336,04/01/2016,23:00:00,04/01/2016,23:30:00,04/02/2016,353,UNAUTHORIZED USE OF A VEHICLE,462,UNAUTHORIZED USE VEHICLE 3,COMPLETED,MISDEMEANOR,N.Y. POLICE DEPT,STATEN ISLAND,121,FRONT OF,PARKING LOT/GARAGE (PRIVATE),,,936722,172119,40.638984176,-74.171252305,(40.638984176: -74.171252305)
819536416,04/01/2016,17:30:00,04/01/2016,17:35:00,04/01/2016,348,VEHICLE AND TRAFFIC LAWS,916,LEAVING SCENE-ACCIDENT-PERSONA,COMPLETED,MISDEMEANOR,N.Y. POLICE DEPT,STATEN ISLAND,121,,HIGHWAY/PARKWAY,,,942610,161384,40.609548526,-74.149970735,(40.609548526: -74.149970735)
856268790,03/31/2016,18:10:00,,,03/31/2016,348,VEHICLE AND TRAFFIC LAWS,916,LEAVING SCENE-ACCIDENT-PERSONA,COMPLETED,MISDEMEANOR,N.Y. POLICE DEPT,STATEN ISLAND,122,,STREET,,,953756,147132,40.570475028,-74.109763388,(40.570475028: -74.109763388)
338754294,03/31/2016,13:55:00,03/31/2016,14:00:00,03/31/2016,348,VEHICLE AND TRAFFIC LAWS,916,LEAVING SCENE-ACCIDENT-PERSONA,COMPLETED,MISDEMEANOR,N.Y. POLICE DEPT,STATEN ISLAND,122,,STREET,,,941922,141800,40.555791137,-74.152325955,(40.555791137: -74.152325955)
861663817,03/30/2016,18:15:00,03/30/2016,18:20:00,03/30/2016,348,VEHICLE AND TRAFFIC LAWS,916,LEAVING SCENE-ACCIDENT-PERSONA,COMPLETED,MISDEMEANOR,N.Y. POLICE DEPT,STATEN ISLAND,121,FRONT OF,STREET,,,943207,161834,40.610786466,-74.147823338,(40.610786466: -74.147823338)
316719635,03/29/2016,21:50:00,,,03/29/2016,348,VEHICLE AND TRAFFIC LAWS,916,LEAVING SCENE-ACCIDENT-PERSONA,COMPLETED,MISDEMEANOR,N.Y. POLICE DEPT,STATEN ISLAND,122,,STREET,,,949960,146934,40.569917688,-74.123425918,(40.569917688: -74.123425918)
697605774,03/26/2016,03:58:00,03/26/2016,04:30:00,03/27/2016,348,VEHICLE AND TRAFFIC LAWS,916,LEAVING SCENE-ACCIDENT-PERSONA,COMPLETED,MISDEMEANOR,N.Y. POLICE DEPT,STATEN ISLAND,121,,STREET,,,943542,169548,40.631961307,-74.14666331,(40.631961307: -74.14666331)
998650062,03/25/2016,00:40:00,03/25/2016,01:10:00,03/25/2016,348,VEHICLE AND TRAFFIC LAWS,916,LEAVING SCENE-ACCIDENT-PERSONA,COMPLETED,MISDEMEANOR,N.Y. POLICE DEPT,STATEN ISLAND,122,FRONT OF,STREET,,,950256,148900,40.575315109,-74.122370374,(40.575315109: -74.122370374)
579588549,03/21/2016,10:20:00,03/21/2016,10:25:00,03/21/2016,348,VEHICLE AND TRAFFIC LAWS,916,LEAVING SCENE-ACCIDENT-PERSONA,COMPLETED,MISDEMEANOR,N.Y. POLICE DEPT,STATEN ISLAND,121,,STREET,,,944925,166882,40.624649955,-74.141665145,(40.624649955: -74.141665145)
515554346,03/04/2016,13:28:00,03/21/2016,15:15:00,03/21/2016,353,UNAUTHORIZED USE OF A VEHICLE,462,UNAUTHORIZED USE VEHICLE 3,COMPLETED,MISDEMEANOR,N.Y. POLICE DEPT,STATEN ISLAND,123,INSIDE,CHAIN STORE,,,914928,125757,40.511586338,-74.249303727,(40.511586338: -74.249303727)
882461783,03/20/2016,02:10:00,03/20/2016,02:20:00,03/20/2016,353,UNAUTHORIZED USE OF A VEHICLE,462,UNAUTHORIZED USE VEHICLE 3,COMPLETED,MISDEMEANOR,N.Y. POLICE DEPT,STATEN ISLAND,120,FRONT OF,STREET,,,960146,171326,40.636902283,-74.086849196,(40.636902283: -74.086849196)
728021315,03/19/2016,17:30:00,03/19/2016,17:32:00,03/19/2016,348,VEHICLE AND TRAFFIC LAWS,916,LEAVING SCENE-ACCIDENT-PERSONA,COMPLETED,MISDEMEANOR,N.Y. POLICE DEPT,STATEN ISLAND,121,FRONT OF,STREET,,,937556,156889,40.597185494,-74.168141943,(40.597185494: -74.168141943)
465608870,03/07/2016,21:00:00,03/07/2016,21:10:00,03/18/2016,353,UNAUTHORIZED USE OF A VEHICLE,462,UNAUTHORIZED USE VEHICLE 3,COMPLETED,MISDEMEANOR,N.Y. POLICE DEPT,STATEN ISLAND,121,INSIDE,BAR/NIGHT CLUB,,,946758,170062,40.633386324,-74.135079653,(40.633386324: -74.135079653)
203929117,03/17/2016,15:40:00,03/17/2016,15:50:00,03/17/2016,353,UNAUTHORIZED USE OF A VEHICLE,462,UNAUTHORIZED USE VEHICLE 3,COMPLETED,MISDEMEANOR,N.Y. POLICE DEPT,STATEN ISLAND,120,,STREET,,,959994,172152,40.639169061,-74.087399828,(40.639169061: -74.087399828)
697173155,03/16/2016,19:00:00,03/17/2016,07:00:00,03/17/2016,353,UNAUTHORIZED USE OF A VEHICLE,462,UNAUTHORIZED USE VEHICLE 3,COMPLETED,MISDEMEANOR,N.Y. POLICE DEPT,STATEN ISLAND,122,FRONT OF,STREET,,,957986,147617,40.571819798,-74.094539566,(40.571819798: -74.094539566)
134296108,03/16/2016,10:00:00,,,03/16/2016,353,UNAUTHORIZED USE OF A VEHICLE,462,UNAUTHORIZED USE VEHICLE 3,COMPLETED,MISDEMEANOR,N.Y. POLICE DEPT,STATEN ISLAND,123,FRONT OF,STREET,,,935418,138090,40.545574483,-74.175704868,(40.545574483: -74.175704868)
174948973,03/15/2016,23:00:00,03/16/2016,06:30:00,03/16/2016,353,UNAUTHORIZED USE OF A VEHICLE,462,UNAUTHORIZED USE VEHICLE 3,COMPLETED,MISDEMEANOR,N.Y. POLICE DEPT,STATEN ISLAND,121,FRONT OF,STREET,,,945102,167609,40.6266462,-74.141031741,(40.6266462: -74.141031741)
657205955,03/14/2016,04:24:00,,,03/14/2016,348,VEHICLE AND TRAFFIC LAWS,916,LEAVING SCENE-ACCIDENT-PERSONA,COMPLETED,MISDEMEANOR,N.Y. POLICE DEPT,STATEN ISLAND,121,FRONT OF,PARKING LOT/GARAGE (PUBLIC),,,935091,158169,40.600685498,-74.177027457,(40.600685498: -74.177027457)
828724514,03/12/2016,15:45:00,03/12/2016,16:05:00,03/12/2016,348,VEHICLE AND TRAFFIC LAWS,918,RECKLESS DRIVING,COMPLETED,MISDEMEANOR,N.Y. POLICE DEPT,STATEN ISLAND,121,,STREET,,,937779,166628,40.623918176,-74.167405965,(40.623918176: -74.167405965)
659888214,03/12/2016,08:00:00,,,03/12/2016,348,VEHICLE AND TRAFFIC LAWS,916,LEAVING SCENE-ACCIDENT-PERSONA,COMPLETED,MISDEMEANOR,N.Y. POLICE DEPT,STATEN ISLAND,122,,STREET,,,954827,148519,40.574285688,-74.105914405,(40.574285688: -74.105914405)
199044460,03/11/2016,18:20:00,,,03/11/2016,348,VEHICLE AND TRAFFIC LAWS,916,LEAVING SCENE-ACCIDENT-PERSONA,COMPLETED,MISDEMEANOR,N.Y. POLICE DEPT,STATEN ISLAND,122,,STREET,,,937673,143114,40.55937651,-74.167625718,(40.55937651: -74.167625718)
892613388,03/08/2016,14:50:00,03/08/2016,15:00:00,03/08/2016,348,VEHICLE AND TRAFFIC LAWS,916,LEAVING SCENE-ACCIDENT-PERSONA,COMPLETED,MISDEMEANOR,N.Y. POLICE DEPT,STATEN ISLAND,120,FRONT OF,STREET,,,947972,167497,40.626351001,-74.130692006,(40.626351001: -74.130692006)
554730157,03/08/2016,05:45:00,03/08/2016,05:50:00,03/08/2016,353,UNAUTHORIZED USE OF A VEHICLE,462,UNAUTHORIZED USE VEHICLE 3,ATTEMPTED,MISDEMEANOR,N.Y. POLICE DEPT,STATEN ISLAND,121,FRONT OF,STREET,,,944863,169623,40.632173139,-74.141904487,(40.632173139: -74.141904487)
946763605,03/04/2016,19:40:00,03/04/2016,20:00:00,03/05/2016,348,VEHICLE AND TRAFFIC LAWS,916,LEAVING SCENE-ACCIDENT-PERSONA,COMPLETED,MISDEMEANOR,N.Y. POLICE DEPT,STATEN ISLAND,122,,STREET,,,955828,149854,40.577953265,-74.102316756,(40.577953265: -74.102316756)
791205231,03/04/2016,18:09:00,03/04/2016,18:42:00,03/04/2016,353,UNAUTHORIZED USE OF A VEHICLE,462,UNAUTHORIZED USE VEHICLE 3,ATTEMPTED,MISDEMEANOR,N.Y. POLICE DEPT,STATEN ISLAND,122,FRONT OF,STREET,,,956302,145148,40.565037727,-74.100590968,(40.565037727: -74.100590968)
122155045,03/04/2016,09:58:00,03/04/2016,10:16:00,03/04/2016,353,UNAUTHORIZED USE OF A VEHICLE,462,UNAUTHORIZED USE VEHICLE 3,COMPLETED,MISDEMEANOR,N.Y. POLICE DEPT,STATEN ISLAND,123,,STREET,,,931352,132383,40.529886554,-74.190290173,(40.529886554: -74.190290173)
976154052,03/02/2016,21:35:00,03/02/2016,21:40:00,03/02/2016,348,VEHICLE AND TRAFFIC LAWS,916,LEAVING SCENE-ACCIDENT-PERSONA,COMPLETED,MISDEMEANOR,N.Y. POLICE DEPT,STATEN ISLAND,122,,STREET,,,948649,142063,40.556542579,-74.128119121,(40.556542579: -74.128119121)
567262263,02/26/2016,02:19:00,02/26/2016,02:23:00,02/26/2016,353,UNAUTHORIZED USE OF A VEHICLE,462,UNAUTHORIZED USE VEHICLE 3,COMPLETED,MISDEMEANOR,N.Y. POLICE DEPT,STATEN ISLAND,122,FRONT OF,OTHER,,,951377,145003,40.564622839,-74.118316143,(40.564622839: -74.118316143)
168846095,02/23/2016,23:35:00,02/23/2016,23:50:00,02/24/2016,348,VEHICLE AND TRAFFIC LAWS,916,LEAVING SCENE-ACCIDENT-PERSONA,COMPLETED,MISDEMEANOR,N.Y. POLICE DEPT,STATEN ISLAND,122,FRONT OF,STREET,,,954648,144222,40.56249067,-74.106539931,(40.56249067: -74.106539931)
180209199,02/23/2016,18:40:00,02/23/2016,18:50:00,02/23/2016,348,VEHICLE AND TRAFFIC LAWS,922,TRAFFIC:UNCLASSIFIED MISDEMEAN,COMPLETED,MISDEMEANOR,N.Y. POLICE DEPT,STATEN ISLAND,121,,STREET,,,938706,167413,40.626077647,-74.164071897,(40.626077647: -74.164071897)
926144253,02/23/2016,14:26:00,02/23/2016,14:49:00,02/23/2016,353,UNAUTHORIZED USE OF A VEHICLE,462,UNAUTHORIZED USE VEHICLE 3,COMPLETED,MISDEMEANOR,N.Y. POLICE DEPT,STATEN ISLAND,122,FRONT OF,STREET,,,966794,155847,40.594431232,-74.062856153,(40.594431232: -74.062856153)
723688709,02/23/2016,00:45:00,02/23/2016,00:50:00,02/23/2016,348,VEHICLE AND TRAFFIC LAWS,916,LEAVING SCENE-ACCIDENT-PERSONA,COMPLETED,MISDEMEANOR,N.Y. POLICE DEPT,STATEN ISLAND,120,,STREET,,,950821,169641,40.632247034,-74.12043919,(40.632247034: -74.12043919)
519585808,02/18/2016,14:25:00,02/18/2016,14:40:00,02/18/2016,348,VEHICLE AND TRAFFIC LAWS,916,LEAVING SCENE-ACCIDENT-PERSONA,COMPLETED,MISDEMEANOR,N.Y. POLICE DEPT,STATEN ISLAND,120,FRONT OF,STREET,,,962138,171652,40.63780228,-74.079673007,(40.63780228: -74.079673007)
403039202,02/18/2016,09:00:00,02/18/2016,09:05:00,02/18/2016,348,VEHICLE AND TRAFFIC LAWS,916,LEAVING SCENE-ACCIDENT-PERSONA,COMPLETED,MISDEMEANOR,N.Y. POLICE DEPT,STATEN ISLAND,122,,STREET,,,966544,157491,40.598943185,-74.06376065,(40.598943185: -74.06376065)
154547585,02/11/2016,23:00:00,02/11/2016,23:30:00,02/11/2016,348,VEHICLE AND TRAFFIC LAWS,916,LEAVING SCENE-ACCIDENT-PERSONA,COMPLETED,MISDEMEANOR,N.Y. POLICE DEPT,STATEN ISLAND,121,FRONT OF,STREET,,,946758,170062,40.633386324,-74.135079653,(40.633386324: -74.135079653)
663245867,02/11/2016,22:00:00,02/11/2016,22:10:00,02/11/2016,348,VEHICLE AND TRAFFIC LAWS,916,LEAVING SCENE-ACCIDENT-PERSONA,COMPLETED,MISDEMEANOR,N.Y. POLICE DEPT,STATEN ISLAND,122,,STREET,,,940947,144713,40.563782043,-74.155853302,(40.563782043: -74.155853302)
181845958,02/11/2016,21:50:00,02/11/2016,21:55:00,02/11/2016,348,VEHICLE AND TRAFFIC LAWS,922,TRAFFIC:UNCLASSIFIED MISDEMEAN,COMPLETED,MISDEMEANOR,N.Y. POLICE DEPT,STATEN ISLAND,121,,STREET,,,943786,166999,40.624965966,-74.145768952,(40.624965966: -74.145768952)
737259773,02/11/2016,18:35:00,,,02/11/2016,348,VEHICLE AND TRAFFIC LAWS,916,LEAVING SCENE-ACCIDENT-PERSONA,COMPLETED,MISDEMEANOR,N.Y. POLICE DEPT,STATEN ISLAND,122,,STREET,,,957250,156199,40.595373464,-74.097223107,(40.595373464: -74.097223107)
164546852,02/10/2016,16:05:00,,,02/10/2016,348,VEHICLE AND TRAFFIC LAWS,916,LEAVING SCENE-ACCIDENT-PERSONA,COMPLETED,MISDEMEANOR,N.Y. POLICE DEPT,STATEN ISLAND,122,,STREET,,,958664,152966,40.586503724,-74.092119333,(40.586503724: -74.092119333)
305335812,12/17/2015,17:30:00,02/10/2016,13:00:00,02/10/2016,353,UNAUTHORIZED USE OF A VEHICLE,462,UNAUTHORIZED USE VEHICLE 3,COMPLETED,MISDEMEANOR,N.Y. POLICE DEPT,STATEN ISLAND,121,FRONT OF,STREET,,,935096,161769,40.610566773,-74.177035653,(40.610566773: -74.177035653)
564819029,02/07/2016,11:50:00,02/07/2016,12:00:00,02/07/2016,353,UNAUTHORIZED USE OF A VEHICLE,462,UNAUTHORIZED USE VEHICLE 3,ATTEMPTED,MISDEMEANOR,N.Y. POLICE DEPT,STATEN ISLAND,121,,STREET,,,940121,170976,40.635864476,-74.158997725,(40.635864476: -74.158997725)
972125371,02/03/2016,00:01:00,02/04/2016,00:05:00,02/04/2016,348,VEHICLE AND TRAFFIC LAWS,916,LEAVING SCENE-ACCIDENT-PERSONA,COMPLETED,MISDEMEANOR,N.Y. POLICE DEPT,STATEN ISLAND,121,FRONT OF,STREET,,,944758,164244,40.61740846,-74.142251309,(40.61740846: -74.142251309)
260119992,02/02/2016,18:30:00,02/02/2016,18:40:00,02/02/2016,348,VEHICLE AND TRAFFIC LAWS,916,LEAVING SCENE-ACCIDENT-PERSONA,COMPLETED,MISDEMEANOR,N.Y. POLICE DEPT,STATEN ISLAND,122,,STREET,,,950606,161114,40.608841399,-74.121171293,(40.608841399: -74.121171293)
858789844,01/30/2016,11:40:00,01/30/2016,11:45:00,01/30/2016,348,VEHICLE AND TRAFFIC LAWS,916,LEAVING SCENE-ACCIDENT-PERSONA,COMPLETED,MISDEMEANOR,N.Y. POLICE DEPT,STATEN ISLAND,122,OPPOSITE OF,STREET,,,943064,135920,40.53965705,-74.148180486,(40.53965705: -74.148180486)
995643210,01/29/2016,19:20:00,01/29/2016,19:25:00,01/29/2016,348,VEHICLE AND TRAFFIC LAWS,916,LEAVING SCENE-ACCIDENT-PERSONA,COMPLETED,MISDEMEANOR,N.Y. POLICE DEPT,STATEN ISLAND,120,,STREET,,,951362,170445,40.634455867,-74.118494,(40.634455867: -74.118494)
676866876,01/29/2016,14:30:00,,,01/29/2016,348,VEHICLE AND TRAFFIC LAWS,922,TRAFFIC:UNCLASSIFIED MISDEMEAN,COMPLETED,MISDEMEANOR,N.Y. POLICE DEPT,STATEN ISLAND,122,FRONT OF,STREET,,,952102,146701,40.569286174,-74.115714839,(40.569286174: -74.115714839)
329260659,01/27/2016,17:30:00,,,01/27/2016,348,VEHICLE AND TRAFFIC LAWS,922,TRAFFIC:UNCLASSIFIED MISDEMEAN,COMPLETED,MISDEMEANOR,N.Y. POLICE DEPT,STATEN ISLAND,120,INSIDE,STREET,,,951804,169922,40.633021974,-74.116899001,(40.633021974: -74.116899001)
286768733,01/26/2016,23:56:00,,,01/27/2016,353,UNAUTHORIZED USE OF A VEHICLE,462,UNAUTHORIZED USE VEHICLE 3,COMPLETED,MISDEMEANOR,N.Y. POLICE DEPT,STATEN ISLAND,121,FRONT OF,STREET,,,937761,158268,40.600971642,-74.16741325,(40.600971642: -74.16741325)
337876991,01/26/2016,13:40:00,01/26/2016,13:50:00,01/26/2016,348,VEHICLE AND TRAFFIC LAWS,916,LEAVING SCENE-ACCIDENT-PERSONA,COMPLETED,MISDEMEANOR,N.Y. POLICE DEPT,STATEN ISLAND,120,,STREET,,,952460,170558,40.634770037,-74.11453854,(40.634770037: -74.11453854)
750942553,01/25/2016,00:20:00,01/25/2016,00:30:00,01/25/2016,348,VEHICLE AND TRAFFIC LAWS,916,LEAVING SCENE-ACCIDENT-PERSONA,COMPLETED,MISDEMEANOR,N.Y. POLICE DEPT,STATEN ISLAND,120,,STREET,,,962886,165227,40.620168849,-74.076957556,(40.620168849: -74.076957556)
680576319,01/24/2016,17:00:00,01/24/2016,17:30:00,01/24/2016,348,VEHICLE AND TRAFFIC LAWS,916,LEAVING SCENE-ACCIDENT-PERSONA,COMPLETED,MISDEMEANOR,N.Y. POLICE DEPT,STATEN ISLAND,121,,STREET,,,940559,160846,40.608061952,-74.157354055,(40.608061952: -74.157354055)
968436632,01/22/2016,06:20:00,,,01/22/2016,348,VEHICLE AND TRAFFIC LAWS,916,LEAVING SCENE-ACCIDENT-PERSONA,COMPLETED,MISDEMEANOR,N.Y. POLICE DEPT,STATEN ISLAND,122,,STREET,,,957349,150658,40.580164831,-74.096844569,(40.580164831: -74.096844569)
294852929,01/19/2016,14:28:00,01/19/2016,14:30:00,01/19/2016,348,VEHICLE AND TRAFFIC LAWS,916,LEAVING SCENE-ACCIDENT-PERSONA,COMPLETED,MISDEMEANOR,N.Y. POLICE DEPT,STATEN ISLAND,121,OPPOSITE OF,STREET,,,938149,171781,40.638063982,-74.166108302,(40.638063982: -74.166108302)
395949134,01/16/2016,21:15:00,,,01/17/2016,348,VEHICLE AND TRAFFIC LAWS,916,LEAVING SCENE-ACCIDENT-PERSONA,COMPLETED,MISDEMEANOR,N.Y. POLICE DEPT,STATEN ISLAND,121,,HIGHWAY/PARKWAY,,,940575,163433,40.615162803,-74.157313164,(40.615162803: -74.157313164)
444099041,01/16/2016,16:40:00,01/16/2016,16:45:00,01/16/2016,348,VEHICLE AND TRAFFIC LAWS,916,LEAVING SCENE-ACCIDENT-PERSONA,COMPLETED,MISDEMEANOR,N.Y. POLICE DEPT,STATEN ISLAND,121,,STREET,,,940356,169863,40.6328107,-74.158143785,(40.6328107: -74.158143785)
483018632,01/15/2016,17:00:00,01/16/2016,00:30:00,01/16/2016,353,UNAUTHORIZED USE OF A VEHICLE,462,UNAUTHORIZED USE VEHICLE 3,COMPLETED,MISDEMEANOR,N.Y. HOUSING POLICE,STATEN ISLAND,120,FRONT OF,RESIDENCE - PUBLIC HOUSING,,WEST BRIGHTON I,951319,171306,40.636818967,-74.118653127,(40.636818967: -74.118653127)
709752732,01/15/2016,04:30:00,,,01/16/2016,353,UNAUTHORIZED USE OF A VEHICLE,462,UNAUTHORIZED USE VEHICLE 3,COMPLETED,MISDEMEANOR,N.Y. POLICE DEPT,STATEN ISLAND,121,FRONT OF,OTHER,,,946770,167912,40.627485083,-74.135024478,(40.627485083: -74.135024478)
298805851,01/15/2016,05:30:00,01/15/2016,08:00:00,01/15/2016,353,UNAUTHORIZED USE OF A VEHICLE,462,UNAUTHORIZED USE VEHICLE 3,COMPLETED,MISDEMEANOR,N.Y. POLICE DEPT,STATEN ISLAND,121,FRONT OF,STREET,,,946569,164780,40.618887554,-74.135731104,(40.618887554: -74.135731104)
965547734,01/14/2016,23:35:00,01/14/2016,23:45:00,01/15/2016,348,VEHICLE AND TRAFFIC LAWS,922,TRAFFIC:UNCLASSIFIED MISDEMEAN,COMPLETED,MISDEMEANOR,N.Y. POLICE DEPT,STATEN ISLAND,121,,STREET,,,946550,167033,40.625071482,-74.135812125,(40.625071482: -74.135812125)
114816019,01/11/2016,23:30:00,,,01/12/2016,353,UNAUTHORIZED USE OF A VEHICLE,462,UNAUTHORIZED USE VEHICLE 3,COMPLETED,MISDEMEANOR,N.Y. POLICE DEPT,STATEN ISLAND,122,FRONT OF,OTHER,,,943232,144696,40.563746246,-74.14762927,(40.563746246: -74.14762927)
834754647,01/11/2016,19:09:00,,,01/11/2016,348,VEHICLE AND TRAFFIC LAWS,916,LEAVING SCENE-ACCIDENT-PERSONA,COMPLETED,MISDEMEANOR,N.Y. POLICE DEPT,STATEN ISLAND,120,,STREET,,,949927,167838,40.627294764,-74.123650912,(40.627294764: -74.123650912)
400660119,01/09/2016,07:52:00,01/09/2016,08:00:00,01/09/2016,353,UNAUTHORIZED USE OF A VEHICLE,462,UNAUTHORIZED USE VEHICLE 3,COMPLETED,MISDEMEANOR,N.Y. POLICE DEPT,STATEN ISLAND,120,FRONT OF,STREET,,,949655,170269,40.633966282,-74.12464326,(40.633966282: -74.12464326)
411744805,01/09/2016,02:10:00,01/09/2016,02:40:00,01/09/2016,353,UNAUTHORIZED USE OF A VEHICLE,462,UNAUTHORIZED USE VEHICLE 3,COMPLETED,MISDEMEANOR,N.Y. POLICE DEPT,STATEN ISLAND,121,,STREET,,,938205,154531,40.590716664,-74.165788893,(40.590716664: -74.165788893)
827767645,01/08/2016,08:59:00,01/08/2016,09:33:00,01/08/2016,348,VEHICLE AND TRAFFIC LAWS,922,TRAFFIC:UNCLASSIFIED MISDEMEAN,COMPLETED,MISDEMEANOR,N.Y. POLICE DEPT,STATEN ISLAND,122,,STREET,,,947628,140954,40.553494431,-74.131787394,(40.553494431: -74.131787394)
306763268,01/07/2016,13:55:00,01/07/2016,14:50:00,01/07/2016,353,UNAUTHORIZED USE OF A VEHICLE,462,UNAUTHORIZED USE VEHICLE 3,ATTEMPTED,MISDEMEANOR,N.Y. POLICE DEPT,STATEN ISLAND,120,,STREET,,,956674,170312,40.634108941,-74.099354808,(40.634108941: -74.099354808)
666763796,01/04/2016,17:45:00,,,01/04/2016,348,VEHICLE AND TRAFFIC LAWS,916,LEAVING SCENE-ACCIDENT-PERSONA,COMPLETED,MISDEMEANOR,N.Y. POLICE DEPT,STATEN ISLAND,121,,STREET,,,945045,162023,40.611313556,-74.141204643,(40.611313556: -74.141204643)
768588558,12/17/2015,11:00:00,01/04/2016,18:00:00,01/04/2016,353,UNAUTHORIZED USE OF A VEHICLE,462,UNAUTHORIZED USE VEHICLE 3,COMPLETED,MISDEMEANOR,N.Y. POLICE DEPT,STATEN ISLAND,120,FRONT OF,CHAIN STORE,,,948900,171467,40.637251553,-74.12736971,(40.637251553: -74.12736971)
214071466,12/15/2015,12:00:00,01/04/2016,17:00:00,01/04/2016,353,UNAUTHORIZED USE OF A VEHICLE,462,UNAUTHORIZED USE VEHICLE 3,COMPLETED,MISDEMEANOR,N.Y. POLICE DEPT,STATEN ISLAND,120,,CHAIN STORE,,,948900,171467,40.637251553,-74.12736971,(40.637251553: -74.12736971)
764549415,01/02/2016,12:00:00,01/02/2016,12:30:00,01/02/2016,353,UNAUTHORIZED USE OF A VEHICLE,462,UNAUTHORIZED USE VEHICLE 3,COMPLETED,MISDEMEANOR,N.Y. POLICE DEPT,STATEN ISLAND,120,FRONT OF,STREET,,,961580,163524,40.615491223,-74.08165623,(40.615491223: -74.08165623)
625090385,01/01/2016,18:30:00,01/01/2016,18:46:00,01/01/2016,353,UNAUTHORIZED USE OF A VEHICLE,462,UNAUTHORIZED USE VEHICLE 3,COMPLETED,MISDEMEANOR,N.Y. POLICE DEPT,STATEN ISLAND,121,INSIDE,RESIDENCE-HOUSE,,,939173,170995,40.635911853,-74.162413478,(40.635911853: -74.162413478)
533421805,01/01/2016,02:00:00,01/01/2016,02:20:00,01/01/2016,353,UNAUTHORIZED USE OF A VEHICLE,462,UNAUTHORIZED USE VEHICLE 3,COMPLETED,MISDEMEANOR,N.Y. POLICE DEPT,STATEN ISLAND,123,FRONT OF,STREET,,,936671,134379,40.535395313,-74.171170342,(40.535395313: -74.171170342)
799065766,12/31/2015,23:55:00,01/01/2016,00:33:00,01/01/2016,348,VEHICLE AND TRAFFIC LAWS,918,RECKLESS DRIVING,COMPLETED,MISDEMEANOR,N.Y. POLICE DEPT,STATEN ISLAND,121,,STREET,,,942953,167054,40.625113085,-74.148770082,(40.625113085: -74.148770082)
