857758484,09/30/2016,10:20:00,09/30/2016,10:29:00,09/30/2016,358,OFFENSES INVOLVING FRAUD,705,FORGERY:ETC.-MISD.,COMPLETED,MISDEMEANOR,N.Y. POLICE DEPT,BROOKLYN,67,FRONT OF,STREET,,,999654,177166,40.652951232,-73.944486819,(40.652951232: -73.944486819)
519500482,09/28/2016,17:30:00,09/28/2016,17:45:00,09/28/2016,358,OFFENSES INVOLVING FRAUD,705,FORGERY:ETC.-MISD.,COMPLETED,MISDEMEANOR,N.Y. POLICE DEPT,BROOKLYN,71,,STREET,,,1001797,182700,40.668136855,-73.936749243,(40.668136855: -73.936749243)
913918154,09/27/2016,17:10:00,09/27/2016,17:34:00,09/27/2016,358,OFFENSES INVOLVING FRAUD,705,FORGERY:ETC.-MISD.,COMPLETED,MISDEMEANOR,N.Y. POLICE DEPT,BROOKLYN,67,,STREET,,,997843,175671,40.648850747,-73.951016511,(40.648850747: -73.951016511)
321211518,08/24/2016,12:00:00,09/21/2016,19:00:00,09/22/2016,358,OFFENSES INVOLVING FRAUD,705,FORGERY:ETC.-MISD.,COMPLETED,MISDEMEANOR,N.Y. HOUSING POLICE,BROOKLYN,90,INSIDE,RESIDENCE - PUBLIC HOUSING,,WILLIAMSBURG,1000054,198051,40.710275101,-73.942996278,(40.710275101: -73.942996278)
950650270,09/20/2016,21:45:00,09/20/2016,21:50:00,09/20/2016,358,OFFENSES INVOLVING FRAUD,705,FORGERY:ETC.-MISD.,COMPLETED,MISDEMEANOR,N.Y. POLICE DEPT,BROOKLYN,71,FRONT OF,STREET,,,999005,181250,40.66416202,-73.94681682,(40.66416202: -73.94681682)
898322401,09/16/2016,16:39:00,09/16/2016,17:05:00,09/19/2016,358,OFFENSES INVOLVING FRAUD,705,FORGERY:ETC.-MISD.,COMPLETED,MISDEMEANOR,N.Y. POLICE DEPT,BROOKLYN,67,,STREET,,,999345,169455,40.631786725,-73.945617679,(40.631786725: -73.945617679)
764549228,09/18/2016,16:50:00,09/18/2016,17:50:00,09/18/2016,358,OFFENSES INVOLVING FRAUD,705,FORGERY:ETC.-MISD.,COMPLETED,MISDEMEANOR,N.Y. POLICE DEPT,BROOKLYN,61,INSIDE,BEAUTY & NAIL SALON,,,996559,161639,40.610337742,-73.955669235,(40.610337742: -73.955669235)
382804908,09/16/2016,00:50:00,09/16/2016,01:01:00,09/16/2016,358,OFFENSES INVOLVING FRAUD,705,FORGERY:ETC.-MISD.,COMPLETED,MISDEMEANOR,N.Y. POLICE DEPT,BROOKLYN,60,FRONT OF,STREET,,,994489,149300,40.576472296,-73.963143262,(40.576472296: -73.963143262)
322587939,09/15/2016,19:10:00,09/15/2016,19:14:00,09/15/2016,358,OFFENSES INVOLVING FRAUD,705,FORGERY:ETC.-MISD.,COMPLETED,MISDEMEANOR,N.Y. POLICE DEPT,BROOKLYN,63,,STREET,,,1004133,169848,40.632855974,-73.928366481,(40.632855974: -73.928366481)
159015954,09/09/2016,17:35:00,09/09/2016,17:44:00,09/09/2016,358,OFFENSES INVOLVING FRAUD,705,FORGERY:ETC.-MISD.,COMPLETED,MISDEMEANOR,N.Y. POLICE DEPT,BROOKLYN,62,FRONT OF,STREET,,,990784,157482,40.598933763,-73.976472546,(40.598933763: -73.976472546)
960751475,09/09/2016,08:30:00,09/09/2016,08:45:00,09/09/2016,358,OFFENSES INVOLVING FRAUD,705,FORGERY:ETC.-MISD.,COMPLETED,MISDEMEANOR,N.Y. POLICE DEPT,BROOKLYN,75,,STREET,,,1017596,183421,40.67007043,-73.879794599,(40.67007043: -73.879794599)
642235041,09/07/2016,20:50:00,09/07/2016,21:06:00,09/07/2016,358,OFFENSES INVOLVING FRAUD,705,FORGERY:ETC.-MISD.,COMPLETED,MISDEMEANOR,N.Y. POLICE DEPT,BROOKLYN,67,,STREET,,,997385,176999,40.65249651,-73.952664414,(40.65249651: -73.952664414)
148851257,09/06/2016,19:05:00,09/06/2016,19:24:00,09/06/2016,358,OFFENSES INVOLVING FRAUD,705,FORGERY:ETC.-MISD.,COMPLETED,MISDEMEANOR,N.Y. POLICE DEPT,BROOKLYN,67,,STREET,,,1006457,174288,40.645037301,-73.919978909,(40.645037301: -73.919978909)
195369187,09/06/2016,18:00:00,09/06/2016,18:39:00,09/06/2016,358,OFFENSES INVOLVING FRAUD,705,FORGERY:ETC.-MISD.,COMPLETED,MISDEMEANOR,N.Y. POLICE DEPT,BROOKLYN,76,,STREET,,,981936,184577,40.673305884,-74.008343436,(40.673305884: -74.008343436)
492472244,09/02/2016,20:20:00,09/02/2016,20:30:00,09/02/2016,358,OFFENSES INVOLVING FRAUD,705,FORGERY:ETC.-MISD.,COMPLETED,MISDEMEANOR,N.Y. POLICE DEPT,BROOKLYN,67,,STREET,,,1000598,173807,40.643729812,-73.941092869,(40.643729812: -73.941092869)
553717080,09/02/2016,19:00:00,09/02/2016,19:10:00,09/02/2016,358,OFFENSES INVOLVING FRAUD,705,FORGERY:ETC.-MISD.,COMPLETED,MISDEMEANOR,N.Y. POLICE DEPT,BROOKLYN,76,,STREET,,,982405,184397,40.672811935,-74.006652637,(40.672811935: -74.006652637)
508539575,08/30/2016,21:25:00,08/30/2016,21:26:00,08/30/2016,358,OFFENSES INVOLVING FRAUD,705,FORGERY:ETC.-MISD.,COMPLETED,MISDEMEANOR,N.Y. POLICE DEPT,BROOKLYN,67,,STREET,,,1008322,175759,40.649070005,-73.913253168,(40.649070005: -73.913253168)
598910663,08/30/2016,18:30:00,08/30/2016,18:40:00,08/30/2016,358,OFFENSES INVOLVING FRAUD,705,FORGERY:ETC.-MISD.,COMPLETED,MISDEMEANOR,N.Y. POLICE DEPT,BROOKLYN,63,,STREET,,,1000706,166992,40.625023886,-73.94072032,(40.625023886: -73.94072032)
449749723,08/28/2016,19:00:00,,,08/28/2016,358,OFFENSES INVOLVING FRAUD,705,FORGERY:ETC.-MISD.,COMPLETED,MISDEMEANOR,N.Y. POLICE DEPT,BROOKLYN,73,INSIDE,SMALL MERCHANT,,,1007379,180546,40.662211781,-73.916635039,(40.662211781: -73.916635039)
370688143,08/27/2016,21:30:00,08/27/2016,21:35:00,08/27/2016,358,OFFENSES INVOLVING FRAUD,705,FORGERY:ETC.-MISD.,COMPLETED,MISDEMEANOR,N.Y. POLICE DEPT,BROOKLYN,67,,STREET,,,1005752,179585,40.65957815,-73.922502476,(40.65957815: -73.922502476)
397343261,08/24/2016,10:57:00,08/24/2016,11:00:00,08/24/2016,358,OFFENSES INVOLVING FRAUD,705,FORGERY:ETC.-MISD.,COMPLETED,MISDEMEANOR,N.Y. TRANSIT POLICE,BROOKLYN,83,,TRANSIT - NYC SUBWAY,,,1002212,193214,40.696994556,-73.935225256,(40.696994556: -73.935225256)
545444285,08/23/2016,23:10:00,08/23/2016,23:15:00,08/24/2016,358,OFFENSES INVOLVING FRAUD,705,FORGERY:ETC.-MISD.,COMPLETED,MISDEMEANOR,N.Y. POLICE DEPT,BROOKLYN,63,,STREET,,,999980,168345,40.628738905,-73.943332509,(40.628738905: -73.943332509)
926361483,08/23/2016,16:30:00,08/23/2016,16:36:00,08/23/2016,358,OFFENSES INVOLVING FRAUD,705,FORGERY:ETC.-MISD.,COMPLETED,MISDEMEANOR,N.Y. TRANSIT POLICE,BROOKLYN,84,,TRANSIT - NYC SUBWAY,,,989387,190637,40.689938022,-73.981477894,(40.689938022: -73.981477894)
546210457,08/23/2016,13:00:00,08/23/2016,13:30:00,08/23/2016,358,OFFENSES INVOLVING FRAUD,705,FORGERY:ETC.-MISD.,COMPLETED,MISDEMEANOR,N.Y. POLICE DEPT,BROOKLYN,88,INSIDE,OPEN AREAS (OPEN LOTS),,,991103,193587,40.698033928,-73.975287153,(40.698033928: -73.975287153)
681445721,08/22/2016,20:25:00,08/22/2016,20:30:00,08/22/2016,358,OFFENSES INVOLVING FRAUD,705,FORGERY:ETC.-MISD.,COMPLETED,MISDEMEANOR,N.Y. POLICE DEPT,BROOKLYN,78,,STREET,,,990502,188496,40.68406075,-73.977459292,(40.68406075: -73.977459292)
886551067,07/26/2016,12:30:00,08/15/2016,13:00:00,08/21/2016,358,OFFENSES INVOLVING FRAUD,705,FORGERY:ETC.-MISD.,COMPLETED,MISDEMEANOR,N.Y. POLICE DEPT,BROOKLYN,90,INSIDE,RESIDENCE - APT. HOUSE,,,993956,197517,40.708818188,-73.964992585,(40.708818188: -73.964992585)
638407445,08/16/2016,18:55:00,08/16/2016,19:08:00,08/16/2016,358,OFFENSES INVOLVING FRAUD,705,FORGERY:ETC.-MISD.,COMPLETED,MISDEMEANOR,N.Y. POLICE DEPT,BROOKLYN,67,FRONT OF,STREET,,,996968,175113,40.647320457,-73.954170789,(40.647320457: -73.954170789)
975716830,08/13/2016,19:25:00,08/13/2016,20:00:00,08/13/2016,358,OFFENSES INVOLVING FRAUD,705,FORGERY:ETC.-MISD.,COMPLETED,MISDEMEANOR,N.Y. POLICE DEPT,BROOKLYN,67,,STREET,,,1000038,174140,40.644644841,-73.943110001,(40.644644841: -73.943110001)
449144009,08/13/2016,01:05:00,08/13/2016,01:11:00,08/13/2016,358,OFFENSES INVOLVING FRAUD,705,FORGERY:ETC.-MISD.,COMPLETED,MISDEMEANOR,N.Y. POLICE DEPT,BROOKLYN,67,FRONT OF,STREET,,,1002785,176376,40.650776855,-73.933205153,(40.650776855: -73.933205153)
944440725,08/11/2016,01:20:00,08/11/2016,01:29:00,08/11/2016,358,OFFENSES INVOLVING FRAUD,705,FORGERY:ETC.-MISD.,COMPLETED,MISDEMEANOR,N.Y. POLICE DEPT,BROOKLYN,78,,STREET,,,986323,183250,40.669663626,-73.992528667,(40.669663626: -73.992528667)
237317977,08/10/2016,16:00:00,08/10/2016,16:07:00,08/10/2016,358,OFFENSES INVOLVING FRAUD,705,FORGERY:ETC.-MISD.,COMPLETED,MISDEMEANOR,N.Y. POLICE DEPT,BROOKLYN,68,,STREET,,,977369,169352,40.631514198,-74.024791977,(40.631514198: -74.024791977)
510943507,08/10/2016,12:10:00,08/10/2016,12:14:00,08/10/2016,358,OFFENSES INVOLVING FRAUD,705,FORGERY:ETC.-MISD.,COMPLETED,MISDEMEANOR,N.Y. POLICE DEPT,BROOKLYN,60,FRONT OF,STREET,,,990824,149705,40.577587416,-73.976336071,(40.577587416: -73.976336071)
841170095,08/08/2016,18:20:00,08/08/2016,18:31:00,08/08/2016,358,OFFENSES INVOLVING FRAUD,705,FORGERY:ETC.-MISD.,COMPLETED,MISDEMEANOR,N.Y. POLICE DEPT,BROOKLYN,67,,STREET,,,1003934,180086,40.660957512,-73.929053569,(40.660957512: -73.929053569)
134400562,05/25/2016,00:00:00,,,08/04/2016,358,OFFENSES INVOLVING FRAUD,705,FORGERY:ETC.-MISD.,COMPLETED,MISDEMEANOR,N.Y. POLICE DEPT,BROOKLYN,60,FRONT OF,STREET,,,992172,153197,40.587171165,-73.971479391,(40.587171165: -73.971479391)
270344846,07/31/2016,19:50:00,07/31/2016,20:00:00,07/31/2016,358,OFFENSES INVOLVING FRAUD,705,FORGERY:ETC.-MISD.,COMPLETED,MISDEMEANOR,N.Y. POLICE DEPT,BROOKLYN,73,,STREET,,,1005571,181640,40.665219107,-73.92314835,(40.665219107: -73.92314835)
983630456,07/29/2016,16:30:00,07/29/2016,17:07:00,07/29/2016,358,OFFENSES INVOLVING FRAUD,705,FORGERY:ETC.-MISD.,COMPLETED,MISDEMEANOR,N.Y. POLICE DEPT,BROOKLYN,67,,STREET,,,1004778,171923,40.638549936,-73.926036348,(40.638549936: -73.926036348)
536858372,07/27/2016,18:05:00,07/27/2016,18:27:00,07/27/2016,358,OFFENSES INVOLVING FRAUD,705,FORGERY:ETC.-MISD.,COMPLETED,MISDEMEANOR,N.Y. POLICE DEPT,BROOKLYN,68,FRONT OF,STREET,,,980927,167954,40.627679032,-74.011972697,(40.627679032: -74.011972697)
195789164,07/22/2016,21:35:00,07/22/2016,21:40:00,07/22/2016,358,OFFENSES INVOLVING FRAUD,705,FORGERY:ETC.-MISD.,COMPLETED,MISDEMEANOR,N.Y. POLICE DEPT,BROOKLYN,62,FRONT OF,PARKING LOT/GARAGE (PUBLIC),,,983955,156040,40.594978166,-74.00106367,(40.594978166: -74.00106367)
764232656,07/22/2016,02:20:00,,,07/22/2016,358,OFFENSES INVOLVING FRAUD,705,FORGERY:ETC.-MISD.,COMPLETED,MISDEMEANOR,N.Y. POLICE DEPT,BROOKLYN,73,,STREET,,,1011263,182761,40.668280465,-73.902626646,(40.668280465: -73.902626646)
224914517,07/20/2016,20:00:00,07/20/2016,20:13:00,07/20/2016,358,OFFENSES INVOLVING FRAUD,705,FORGERY:ETC.-MISD.,COMPLETED,MISDEMEANOR,N.Y. POLICE DEPT,BROOKLYN,62,,STREET,,,990030,161786,40.610747891,-73.979184013,(40.610747891: -73.979184013)
154739395,07/18/2016,01:00:00,07/18/2016,01:15:00,07/18/2016,358,OFFENSES INVOLVING FRAUD,705,FORGERY:ETC.-MISD.,COMPLETED,MISDEMEANOR,N.Y. POLICE DEPT,BROOKLYN,67,,STREET,,,999411,172008,40.638794054,-73.945374161,(40.638794054: -73.945374161)
581617426,07/17/2016,22:50:00,07/17/2016,22:51:00,07/18/2016,358,OFFENSES INVOLVING FRAUD,705,FORGERY:ETC.-MISD.,COMPLETED,MISDEMEANOR,N.Y. POLICE DEPT,BROOKLYN,67,,STREET,,,999481,171156,40.636455376,-73.945123863,(40.636455376: -73.945123863)
657317323,07/05/2016,13:04:00,,,07/05/2016,358,OFFENSES INVOLVING FRAUD,705,FORGERY:ETC.-MISD.,COMPLETED,MISDEMEANOR,N.Y. POLICE DEPT,BROOKLYN,84,FRONT OF,STREET,,,988617,190742,40.690226637,-73.984254374,(40.690226637: -73.984254374)
110160997,07/13/2016,17:15:00,07/13/2016,17:30:00,07/13/2016,358,OFFENSES INVOLVING FRAUD,705,FORGERY:ETC.-MISD.,COMPLETED,MISDEMEANOR,N.Y. POLICE DEPT,BROOKLYN,67,,STREET,,,997469,175972,40.649677493,-73.9523637,(40.649677493: -73.9523637)
890584753,07/12/2016,19:40:00,,,07/12/2016,358,OFFENSES INVOLVING FRAUD,705,FORGERY:ETC.-MISD.,COMPLETED,MISDEMEANOR,N.Y. POLICE DEPT,BROOKLYN,61,,STREET,,,991773,157624,40.59932274,-73.972911005,(40.59932274: -73.972911005)
953466199,07/07/2016,21:40:00,07/07/2016,21:54:00,07/08/2016,358,OFFENSES INVOLVING FRAUD,705,FORGERY:ETC.-MISD.,COMPLETED,MISDEMEANOR,N.Y. POLICE DEPT,BROOKLYN,73,,STREET,,,1009715,185349,40.675388531,-73.908197,(40.675388531: -73.908197)
182336243,07/07/2016,18:45:00,07/07/2016,18:55:00,07/07/2016,358,OFFENSES INVOLVING FRAUD,705,FORGERY:ETC.-MISD.,COMPLETED,MISDEMEANOR,N.Y. POLICE DEPT,BROOKLYN,63,,STREET,,,1005091,168077,40.627992752,-73.924920445,(40.627992752: -73.924920445)
853498206,07/07/2016,16:50:00,07/07/2016,17:10:00,07/07/2016,358,OFFENSES INVOLVING FRAUD,705,FORGERY:ETC.-MISD.,COMPLETED,MISDEMEANOR,N.Y. POLICE DEPT,BROOKLYN,67,,STREET,,,999047,176439,40.65095681,-73.946675987,(40.65095681: -73.946675987)
659950010,07/07/2016,13:40:00,07/07/2016,13:49:00,07/07/2016,358,OFFENSES INVOLVING FRAUD,705,FORGERY:ETC.-MISD.,COMPLETED,MISDEMEANOR,N.Y. POLICE DEPT,BROOKLYN,68,,STREET,,,979824,170102,40.633574357,-74.015947713,(40.633574357: -74.015947713)
940709229,07/06/2016,01:19:00,,,07/06/2016,358,OFFENSES INVOLVING FRAUD,705,FORGERY:ETC.-MISD.,COMPLETED,MISDEMEANOR,N.Y. POLICE DEPT,BROOKLYN,60,,STREET,,,987596,149229,40.576282696,-73.9879566,(40.576282696: -73.9879566)
257851594,07/05/2016,22:45:00,,,07/05/2016,358,OFFENSES INVOLVING FRAUD,705,FORGERY:ETC.-MISD.,COMPLETED,MISDEMEANOR,N.Y. POLICE DEPT,BROOKLYN,67,,STREET,,,1001058,177843,40.654806896,-73.939425245,(40.654806896: -73.939425245)
920254635,07/03/2016,00:50:00,07/03/2016,01:00:00,07/03/2016,358,OFFENSES INVOLVING FRAUD,705,FORGERY:ETC.-MISD.,COMPLETED,MISDEMEANOR,N.Y. POLICE DEPT,BROOKLYN,88,,OTHER,,,995039,192126,40.694019899,-73.961094915,(40.694019899: -73.961094915)
648418368,07/02/2016,19:25:00,07/02/2016,19:37:00,07/02/2016,358,OFFENSES INVOLVING FRAUD,705,FORGERY:ETC.-MISD.,COMPLETED,MISDEMEANOR,N.Y. POLICE DEPT,BROOKLYN,76,,STREET,,,983964,185712,40.676421502,-74.001032526,(40.676421502: -74.001032526)
292066420,06/30/2016,17:51:00,06/30/2016,17:51:00,06/30/2016,358,OFFENSES INVOLVING FRAUD,705,FORGERY:ETC.-MISD.,COMPLETED,MISDEMEANOR,N.Y. POLICE DEPT,BROOKLYN,75,FRONT OF,STREET,,,1015610,188186,40.683156528,-73.886931623,(40.683156528: -73.886931623)
821704315,03/01/2016,10:00:00,,,06/29/2016,358,OFFENSES INVOLVING FRAUD,705,FORGERY:ETC.-MISD.,COMPLETED,MISDEMEANOR,N.Y. POLICE DEPT,BROOKLYN,67,INSIDE,COMMERCIAL BUILDING,,,1005296,177016,40.652527904,-73.924154038,(40.652527904: -73.924154038)
970100849,06/25/2016,20:55:00,06/25/2016,20:55:00,06/25/2016,358,OFFENSES INVOLVING FRAUD,705,FORGERY:ETC.-MISD.,COMPLETED,MISDEMEANOR,N.Y. POLICE DEPT,BROOKLYN,73,,STREET,,,1008896,184838,40.673988269,-73.911151462,(40.673988269: -73.911151462)
385988068,06/24/2016,12:20:00,,,06/24/2016,358,OFFENSES INVOLVING FRAUD,705,FORGERY:ETC.-MISD.,COMPLETED,MISDEMEANOR,N.Y. POLICE DEPT,BROOKLYN,71,INSIDE,CHECK CASHING BUSINESS,,,997847,181300,40.664301112,-73.950990747,(40.664301112: -73.950990747)
241326389,06/23/2016,15:20:00,06/23/2016,15:34:00,06/23/2016,358,OFFENSES INVOLVING FRAUD,705,FORGERY:ETC.-MISD.,COMPLETED,MISDEMEANOR,N.Y. POLICE DEPT,BROOKLYN,68,FRONT OF,STREET,,,977544,168587,40.629414569,-74.024160735,(40.629414569: -74.024160735)
116652960,06/23/2016,01:06:00,06/23/2016,01:25:00,06/23/2016,358,OFFENSES INVOLVING FRAUD,705,FORGERY:ETC.-MISD.,COMPLETED,MISDEMEANOR,N.Y. POLICE DEPT,BROOKLYN,76,,STREET,,,982983,187438,40.681158896,-74.00456953,(40.681158896: -74.00456953)
611659044,06/22/2016,18:00:00,06/22/2016,18:10:00,06/22/2016,358,OFFENSES INVOLVING FRAUD,705,FORGERY:ETC.-MISD.,COMPLETED,MISDEMEANOR,N.Y. POLICE DEPT,BROOKLYN,63,,OTHER,,,1003665,168952,40.630397682,-73.93005518,(40.630397682: -73.93005518)
324087109,06/14/2016,11:35:00,06/14/2016,14:00:00,06/14/2016,358,OFFENSES INVOLVING FRAUD,705,FORGERY:ETC.-MISD.,COMPLETED,MISDEMEANOR,N.Y. POLICE DEPT,BROOKLYN,62,INSIDE,OTHER,,,983503,158624,40.602070698,-74.002691509,(40.602070698: -74.002691509)
540235442,06/11/2016,18:25:00,06/11/2016,18:33:00,06/11/2016,358,OFFENSES INVOLVING FRAUD,705,FORGERY:ETC.-MISD.,COMPLETED,MISDEMEANOR,N.Y. POLICE DEPT,BROOKLYN,63,,STREET,,,1000401,167829,40.627321836,-73.94181705,(40.627321836: -73.94181705)
603701873,06/09/2016,16:20:00,06/09/2016,16:35:00,06/09/2016,358,OFFENSES INVOLVING FRAUD,705,FORGERY:ETC.-MISD.,COMPLETED,MISDEMEANOR,N.Y. POLICE DEPT,BROOKLYN,67,,STREET,,,1004229,178575,40.656809489,-73.927994765,(40.656809489: -73.927994765)
198106011,06/08/2016,19:40:00,06/08/2016,19:45:00,06/08/2016,358,OFFENSES INVOLVING FRAUD,705,FORGERY:ETC.-MISD.,COMPLETED,MISDEMEANOR,N.Y. POLICE DEPT,BROOKLYN,73,,CHECK CASHING BUSINESS,,,1009519,180676,40.662562754,-73.908921119,(40.662562754: -73.908921119)
784100229,06/07/2016,21:40:00,06/07/2016,22:29:00,06/07/2016,358,OFFENSES INVOLVING FRAUD,705,FORGERY:ETC.-MISD.,COMPLETED,MISDEMEANOR,N.Y. POLICE DEPT,BROOKLYN,62,,STREET,,,984045,162447,40.612564082,-74.000739795,(40.612564082: -74.000739795)
583288435,06/02/2016,10:00:00,06/02/2016,17:00:00,06/07/2016,358,OFFENSES INVOLVING FRAUD,705,FORGERY:ETC.-MISD.,COMPLETED,MISDEMEANOR,N.Y. POLICE DEPT,BROOKLYN,62,INSIDE,RESIDENCE - APT. HOUSE,,,986542,159304,40.603936895,-73.991747344,(40.603936895: -73.991747344)
854520577,06/04/2016,18:05:00,06/04/2016,18:15:00,06/04/2016,358,OFFENSES INVOLVING FRAUD,705,FORGERY:ETC.-MISD.,COMPLETED,MISDEMEANOR,N.Y. POLICE DEPT,BROOKLYN,63,,STREET,,,1006507,170221,40.633874134,-73.919812149,(40.633874134: -73.919812149)
379110193,06/03/2016,20:25:00,06/03/2016,20:35:00,06/03/2016,358,OFFENSES INVOLVING FRAUD,705,FORGERY:ETC.-MISD.,COMPLETED,MISDEMEANOR,N.Y. POLICE DEPT,BROOKLYN,77,,STREET,,,1004151,183233,40.669594842,-73.928262139,(40.669594842: -73.928262139)
963747373,06/03/2016,17:54:00,06/03/2016,18:04:00,06/03/2016,358,OFFENSES INVOLVING FRAUD,705,FORGERY:ETC.-MISD.,COMPLETED,MISDEMEANOR,N.Y. POLICE DEPT,BROOKLYN,72,,STREET,,,978525,173239,40.642184009,-74.020630495,(40.642184009: -74.020630495)
798313032,06/01/2016,22:50:00,06/01/2016,22:55:00,06/01/2016,358,OFFENSES INVOLVING FRAUD,705,FORGERY:ETC.-MISD.,COMPLETED,MISDEMEANOR,N.Y. POLICE DEPT,BROOKLYN,78,FRONT OF,STREET,,,990712,188399,40.683794356,-73.976702211,(40.683794356: -73.976702211)
288069230,06/01/2016,17:15:00,06/01/2016,17:27:00,06/01/2016,358,OFFENSES INVOLVING FRAUD,705,FORGERY:ETC.-MISD.,ATTEMPTED,MISDEMEANOR,N.Y. POLICE DEPT,BROOKLYN,63,,STREET,,,1003396,168930,40.630337883,-73.931024365,(40.630337883: -73.931024365)
969550942,05/31/2016,20:38:00,05/31/2016,20:39:00,05/31/2016,358,OFFENSES INVOLVING FRAUD,705,FORGERY:ETC.-MISD.,COMPLETED,MISDEMEANOR,N.Y. POLICE DEPT,BROOKLYN,67,,STREET,,,1008184,177620,40.654178418,-73.913743875,(40.654178418: -73.913743875)
163473375,05/29/2016,10:10:00,05/29/2016,10:17:00,05/29/2016,358,OFFENSES INVOLVING FRAUD,705,FORGERY:ETC.-MISD.,COMPLETED,MISDEMEANOR,N.Y. HOUSING POLICE,BROOKLYN,79,OPPOSITE OF,RESIDENCE - PUBLIC HOUSING,,303 VERNON AVENUE,1001139,192775,40.695791716,-73.939095905,(40.695791716: -73.939095905)
832834735,05/28/2016,22:10:00,,,05/29/2016,358,OFFENSES INVOLVING FRAUD,705,FORGERY:ETC.-MISD.,COMPLETED,MISDEMEANOR,N.Y. POLICE DEPT,BROOKLYN,67,,STREET,,,1003422,178505,40.656619138,-73.930903486,(40.656619138: -73.930903486)
500849615,05/27/2016,15:05:00,05/27/2016,15:19:00,05/27/2016,358,OFFENSES INVOLVING FRAUD,705,FORGERY:ETC.-MISD.,COMPLETED,MISDEMEANOR,N.Y. POLICE DEPT,BROOKLYN,67,,STREET,,,1003232,180916,40.663237211,-73.93158148,(40.663237211: -73.93158148)
924667751,05/23/2016,21:35:00,,,05/23/2016,358,OFFENSES INVOLVING FRAUD,705,FORGERY:ETC.-MISD.,COMPLETED,MISDEMEANOR,N.Y. POLICE DEPT,BROOKLYN,73,,STREET,,,1009363,182864,40.668568771,-73.90947526,(40.668568771: -73.90947526)
410989588,05/22/2016,19:02:00,,,05/22/2016,358,OFFENSES INVOLVING FRAUD,705,FORGERY:ETC.-MISD.,COMPLETED,MISDEMEANOR,N.Y. POLICE DEPT,BROOKLYN,63,,STREET,,,1005398,170810,40.63549353,-73.923805895,(40.63549353: -73.923805895)
707828529,05/21/2016,23:20:00,05/21/2016,23:43:00,05/22/2016,358,OFFENSES INVOLVING FRAUD,705,FORGERY:ETC.-MISD.,COMPLETED,MISDEMEANOR,N.Y. POLICE DEPT,BROOKLYN,67,OPPOSITE OF,STREET,,,1003970,176846,40.652064343,-73.928933287,(40.652064343: -73.928933287)
465202846,05/21/2016,20:40:00,05/21/2016,21:00:00,05/21/2016,358,OFFENSES INVOLVING FRAUD,705,FORGERY:ETC.-MISD.,COMPLETED,MISDEMEANOR,N.Y. POLICE DEPT,BROOKLYN,73,INSIDE,CHAIN STORE,,,1007058,182890,40.668646373,-73.917784125,(40.668646373: -73.917784125)
489295551,05/21/2016,13:00:00,,,05/21/2016,358,OFFENSES INVOLVING FRAUD,705,FORGERY:ETC.-MISD.,COMPLETED,MISDEMEANOR,N.Y. POLICE DEPT,BROOKLYN,75,,STREET,,,1012795,183062,40.669101836,-73.897102917,(40.669101836: -73.897102917)
504994198,05/21/2016,00:30:00,05/21/2016,00:35:00,05/21/2016,358,OFFENSES INVOLVING FRAUD,705,FORGERY:ETC.-MISD.,COMPLETED,MISDEMEANOR,N.Y. POLICE DEPT,BROOKLYN,73,,STREET,,,1009849,178996,40.657950578,-73.907738036,(40.657950578: -73.907738036)
141669750,05/20/2016,21:00:00,05/20/2016,21:07:00,05/20/2016,358,OFFENSES INVOLVING FRAUD,705,FORGERY:ETC.-MISD.,COMPLETED,MISDEMEANOR,N.Y. POLICE DEPT,BROOKLYN,60,,STREET,,,984053,150973,40.581070261,-74.000710644,(40.581070261: -74.000710644)
672141122,05/20/2016,18:05:00,05/20/2016,18:10:00,05/20/2016,358,OFFENSES INVOLVING FRAUD,705,FORGERY:ETC.-MISD.,COMPLETED,MISDEMEANOR,N.Y. POLICE DEPT,BROOKLYN,63,,STREET,,,1009816,156637,40.596579945,-73.907941661,(40.596579945: -73.907941661)
283356682,05/18/2016,22:50:00,05/18/2016,23:03:00,05/18/2016,358,OFFENSES INVOLVING FRAUD,705,FORGERY:ETC.-MISD.,COMPLETED,MISDEMEANOR,N.Y. POLICE DEPT,BROOKLYN,60,,STREET,,,986686,148244,40.57357936,-73.991232747,(40.57357936: -73.991232747)
564107324,05/12/2016,10:35:00,,,05/17/2016,358,OFFENSES INVOLVING FRAUD,705,FORGERY:ETC.-MISD.,COMPLETED,MISDEMEANOR,N.Y. POLICE DEPT,BROOKLYN,77,INSIDE,RESIDENCE - APT. HOUSE,,,993950,184198,40.672260604,-73.965033402,(40.672260604: -73.965033402)
586120331,05/11/2016,16:00:00,05/11/2016,16:10:00,05/11/2016,358,OFFENSES INVOLVING FRAUD,705,FORGERY:ETC.-MISD.,COMPLETED,MISDEMEANOR,N.Y. POLICE DEPT,BROOKLYN,73,FRONT OF,CHECK CASHING BUSINESS,,,1009905,180751,40.662767503,-73.907529526,(40.662767503: -73.907529526)
371073258,05/08/2016,20:00:00,,,05/08/2016,358,OFFENSES INVOLVING FRAUD,705,FORGERY:ETC.-MISD.,COMPLETED,MISDEMEANOR,N.Y. POLICE DEPT,BROOKLYN,73,,STREET,,,1010229,182554,40.667715391,-73.906354741,(40.667715391: -73.906354741)
426353175,05/06/2016,13:00:00,05/06/2016,13:30:00,05/06/2016,358,OFFENSES INVOLVING FRAUD,705,FORGERY:ETC.-MISD.,COMPLETED,MISDEMEANOR,N.Y. POLICE DEPT,BROOKLYN,61,INSIDE,DEPARTMENT STORE,,,996202,161277,40.609344615,-73.956955649,(40.609344615: -73.956955649)
697459326,05/05/2016,22:30:00,05/05/2016,22:36:00,05/05/2016,358,OFFENSES INVOLVING FRAUD,705,FORGERY:ETC.-MISD.,COMPLETED,MISDEMEANOR,N.Y. POLICE DEPT,BROOKLYN,78,,STREET,,,990819,187934,40.682517958,-73.976316867,(40.682517958: -73.976316867)
473340955,05/04/2016,15:35:00,05/04/2016,15:41:00,05/04/2016,358,OFFENSES INVOLVING FRAUD,705,FORGERY:ETC.-MISD.,COMPLETED,MISDEMEANOR,N.Y. POLICE DEPT,BROOKLYN,68,,STREET,,,976456,169078,40.63076137,-74.028080972,(40.63076137: -74.028080972)
406649448,05/04/2016,09:55:00,05/04/2016,10:00:00,05/04/2016,358,OFFENSES INVOLVING FRAUD,705,FORGERY:ETC.-MISD.,COMPLETED,MISDEMEANOR,N.Y. POLICE DEPT,BROOKLYN,73,,STREET,,,1007215,181386,40.664517822,-73.917223301,(40.664517822: -73.917223301)
608729033,05/01/2016,19:35:00,05/01/2016,19:42:00,05/01/2016,358,OFFENSES INVOLVING FRAUD,705,FORGERY:ETC.-MISD.,COMPLETED,MISDEMEANOR,N.Y. POLICE DEPT,BROOKLYN,67,FRONT OF,STREET,,,1000796,172980,40.641459507,-73.940381423,(40.641459507: -73.940381423)
873795804,04/29/2016,16:43:00,,,04/29/2016,358,OFFENSES INVOLVING FRAUD,705,FORGERY:ETC.-MISD.,COMPLETED,MISDEMEANOR,N.Y. POLICE DEPT,BROOKLYN,79,INSIDE,BANK,,,999150,187193,40.680473979,-73.946281029,(40.680473979: -73.946281029)
343865991,04/26/2016,20:50:00,04/26/2016,21:00:00,04/26/2016,358,OFFENSES INVOLVING FRAUD,705,FORGERY:ETC.-MISD.,COMPLETED,MISDEMEANOR,N.Y. POLICE DEPT,BROOKLYN,66,INSIDE,DEPARTMENT STORE,,,990708,163927,40.616624026,-73.97674006,(40.616624026: -73.97674006)
759087725,04/25/2016,15:30:00,04/25/2016,15:50:00,04/25/2016,358,OFFENSES INVOLVING FRAUD,705,FORGERY:ETC.-MISD.,COMPLETED,MISDEMEANOR,N.Y. POLICE DEPT,BROOKLYN,61,INSIDE,FOOD SUPERMARKET,,,1001758,157836,40.599890537,-73.936954332,(40.599890537: -73.936954332)
856136410,04/22/2016,18:25:00,04/22/2016,18:50:00,04/22/2016,358,OFFENSES INVOLVING FRAUD,705,FORGERY:ETC.-MISD.,COMPLETED,MISDEMEANOR,N.Y. POLICE DEPT,BROOKLYN,75,,STREET,,,1019574,182050,40.666299673,-73.872671428,(40.666299673: -73.872671428)
166068893,04/14/2016,15:50:00,04/14/2016,15:59:00,04/14/2016,358,OFFENSES INVOLVING FRAUD,715,POSSESSION ANTI-SECURITY ITEM,COMPLETED,MISDEMEANOR,N.Y. HOUSING POLICE,BROOKLYN,75,INSIDE,RESIDENCE - PUBLIC HOUSING,,BOULEVARD,1017783,179914,40.660443794,-73.879137939,(40.660443794: -73.879137939)
626109838,04/03/2016,12:00:00,,,04/14/2016,358,OFFENSES INVOLVING FRAUD,705,FORGERY:ETC.-MISD.,COMPLETED,MISDEMEANOR,N.Y. POLICE DEPT,BROOKLYN,68,FRONT OF,STREET,,,983348,167362,40.626054694,-74.003250857,(40.626054694: -74.003250857)
932230363,04/13/2016,14:00:00,04/13/2016,14:18:00,04/13/2016,358,OFFENSES INVOLVING FRAUD,705,FORGERY:ETC.-MISD.,COMPLETED,MISDEMEANOR,N.Y. POLICE DEPT,BROOKLYN,68,FRONT OF,STREET,,,976339,166050,40.622450041,-74.02849894,(40.622450041: -74.02849894)
902735743,04/08/2016,15:30:00,04/08/2016,15:47:00,04/08/2016,358,OFFENSES INVOLVING FRAUD,705,FORGERY:ETC.-MISD.,COMPLETED,MISDEMEANOR,N.Y. POLICE DEPT,BROOKLYN,60,,STREET,,,986888,149988,40.57836624,-73.990504942,(40.57836624: -73.990504942)
561429834,02/11/2013,00:01:00,,,04/07/2016,358,OFFENSES INVOLVING FRAUD,705,FORGERY:ETC.-MISD.,COMPLETED,MISDEMEANOR,N.Y. POLICE DEPT,BROOKLYN,67,INSIDE,RESIDENCE - APT. HOUSE,,,998504,173213,40.642103028,-73.948639667,(40.642103028: -73.948639667)
270984356,04/06/2016,19:05:00,04/06/2016,19:10:00,04/06/2016,358,OFFENSES INVOLVING FRAUD,705,FORGERY:ETC.-MISD.,COMPLETED,MISDEMEANOR,N.Y. POLICE DEPT,BROOKLYN,67,,STREET,,,999888,169499,40.631906554,-73.943661275,(40.631906554: -73.943661275)
210951087,04/06/2016,13:45:00,04/06/2016,14:08:00,04/06/2016,358,OFFENSES INVOLVING FRAUD,705,FORGERY:ETC.-MISD.,COMPLETED,MISDEMEANOR,N.Y. POLICE DEPT,BROOKLYN,94,,STREET,,,1001309,200739,40.717650689,-73.938462672,(40.717650689: -73.938462672)
736126105,04/05/2016,15:55:00,,,04/05/2016,358,OFFENSES INVOLVING FRAUD,705,FORGERY:ETC.-MISD.,COMPLETED,MISDEMEANOR,N.Y. POLICE DEPT,BROOKLYN,84,FRONT OF,STREET,,,988022,191055,40.691086024,-73.986399724,(40.691086024: -73.986399724)
310218922,04/03/2016,16:25:00,,,04/03/2016,358,OFFENSES INVOLVING FRAUD,705,FORGERY:ETC.-MISD.,COMPLETED,MISDEMEANOR,N.Y. POLICE DEPT,BROOKLYN,73,,STREET,,,1006452,183195,40.66948507,-73.919967603,(40.66948507: -73.919967603)
766044943,04/03/2016,15:45:00,04/03/2016,16:07:00,04/03/2016,358,OFFENSES INVOLVING FRAUD,705,FORGERY:ETC.-MISD.,COMPLETED,MISDEMEANOR,N.Y. POLICE DEPT,BROOKLYN,73,,STREET,,,1008082,184243,40.672357357,-73.914088072,(40.672357357: -73.914088072)
632244275,04/03/2016,14:15:00,04/03/2016,14:28:00,04/03/2016,358,OFFENSES INVOLVING FRAUD,705,FORGERY:ETC.-MISD.,COMPLETED,MISDEMEANOR,N.Y. POLICE DEPT,BROOKLYN,83,FRONT OF,OTHER,,,1000669,194339,40.700085416,-73.940787018,(40.700085416: -73.940787018)
792035576,04/02/2016,18:09:00,04/02/2016,18:15:00,04/02/2016,358,OFFENSES INVOLVING FRAUD,705,FORGERY:ETC.-MISD.,COMPLETED,MISDEMEANOR,N.Y. POLICE DEPT,BROOKLYN,67,,STREET,,,1001202,169607,40.632200574,-73.938926962,(40.632200574: -73.938926962)
463947448,04/02/2016,17:20:00,04/02/2016,18:25:00,04/02/2016,358,OFFENSES INVOLVING FRAUD,705,FORGERY:ETC.-MISD.,COMPLETED,MISDEMEANOR,N.Y. POLICE DEPT,BROOKLYN,73,,STREET,,,1007318,187431,40.681109718,-73.916831347,(40.681109718: -73.916831347)
931710231,04/01/2016,22:00:00,04/01/2016,22:19:00,04/01/2016,358,OFFENSES INVOLVING FRAUD,705,FORGERY:ETC.-MISD.,COMPLETED,MISDEMEANOR,N.Y. HOUSING POLICE,BROOKLYN,60,FRONT OF,RESIDENCE - PUBLIC HOUSING,,CONEY ISLAND I (SITE 1B),987828,148671,40.574751004,-73.987121747,(40.574751004: -73.987121747)
389620347,03/31/2016,12:00:00,03/31/2016,12:15:00,03/31/2016,358,OFFENSES INVOLVING FRAUD,705,FORGERY:ETC.-MISD.,COMPLETED,MISDEMEANOR,N.Y. POLICE DEPT,BROOKLYN,84,FRONT OF,GROCERY/BODEGA,,,989437,190457,40.689443935,-73.981297736,(40.689443935: -73.981297736)
198052206,03/25/2016,14:50:00,03/25/2016,15:03:00,03/25/2016,358,OFFENSES INVOLVING FRAUD,705,FORGERY:ETC.-MISD.,COMPLETED,MISDEMEANOR,N.Y. POLICE DEPT,BROOKLYN,68,,STREET,,,977621,170160,40.633732179,-74.023884877,(40.633732179: -74.023884877)
552524653,03/24/2016,22:35:00,03/24/2016,22:45:00,03/25/2016,358,OFFENSES INVOLVING FRAUD,705,FORGERY:ETC.-MISD.,COMPLETED,MISDEMEANOR,N.Y. POLICE DEPT,BROOKLYN,71,,STREET,,,996306,182141,40.666611703,-73.956543812,(40.666611703: -73.956543812)
579002089,03/23/2016,06:45:00,03/23/2016,06:50:00,03/23/2016,358,OFFENSES INVOLVING FRAUD,705,FORGERY:ETC.-MISD.,COMPLETED,MISDEMEANOR,N.Y. POLICE DEPT,BROOKLYN,73,,STREET,,,1007997,178783,40.657371101,-73.914413723,(40.657371101: -73.914413723)
989739588,03/21/2016,18:25:00,,,03/21/2016,358,OFFENSES INVOLVING FRAUD,705,FORGERY:ETC.-MISD.,COMPLETED,MISDEMEANOR,N.Y. POLICE DEPT,BROOKLYN,73,,STREET,,,1006892,183023,40.669011854,-73.918382067,(40.669011854: -73.918382067)
835469905,03/20/2016,18:55:00,03/20/2016,19:00:00,03/20/2016,358,OFFENSES INVOLVING FRAUD,705,FORGERY:ETC.-MISD.,COMPLETED,MISDEMEANOR,N.Y. POLICE DEPT,BROOKLYN,67,,STREET,,,1001691,176613,40.65142959,-73.937147088,(40.65142959: -73.937147088)
695317604,03/19/2016,19:50:00,03/19/2016,19:55:00,03/19/2016,358,OFFENSES INVOLVING FRAUD,705,FORGERY:ETC.-MISD.,COMPLETED,MISDEMEANOR,N.Y. POLICE DEPT,BROOKLYN,73,,STREET,,,1011710,179129,40.658310059,-73.901030121,(40.658310059: -73.901030121)
714457652,03/19/2016,18:00:00,,,03/19/2016,358,OFFENSES INVOLVING FRAUD,705,FORGERY:ETC.-MISD.,COMPLETED,MISDEMEANOR,N.Y. POLICE DEPT,BROOKLYN,73,,STREET,,,1007711,183018,40.668995998,-73.915429774,(40.668995998: -73.915429774)
645594558,03/19/2016,00:10:00,03/19/2016,00:15:00,03/19/2016,358,OFFENSES INVOLVING FRAUD,705,FORGERY:ETC.-MISD.,COMPLETED,MISDEMEANOR,N.Y. POLICE DEPT,BROOKLYN,71,OPPOSITE OF,STREET,,,1002160,182377,40.667249565,-73.935441585,(40.667249565: -73.935441585)
931236017,03/17/2016,19:00:00,03/17/2016,19:20:00,03/17/2016,358,OFFENSES INVOLVING FRAUD,705,FORGERY:ETC.-MISD.,COMPLETED,MISDEMEANOR,N.Y. POLICE DEPT,BROOKLYN,76,,STREET,,,982983,187438,40.681158896,-74.00456953,(40.681158896: -74.00456953)
140664921,03/16/2016,16:55:00,03/16/2016,17:04:00,03/16/2016,358,OFFENSES INVOLVING FRAUD,705,FORGERY:ETC.-MISD.,COMPLETED,MISDEMEANOR,N.Y. POLICE DEPT,BROOKLYN,67,,STREET,,,998299,175701,40.648932379,-73.949373166,(40.648932379: -73.949373166)
863777938,03/16/2016,16:20:00,03/16/2016,16:45:00,03/16/2016,358,OFFENSES INVOLVING FRAUD,705,FORGERY:ETC.-MISD.,COMPLETED,MISDEMEANOR,N.Y. POLICE DEPT,BROOKLYN,67,,STREET,,,1003786,177504,40.653870817,-73.929594492,(40.653870817: -73.929594492)
975305012,03/16/2016,11:10:00,03/16/2016,11:11:00,03/16/2016,358,OFFENSES INVOLVING FRAUD,705,FORGERY:ETC.-MISD.,COMPLETED,MISDEMEANOR,N.Y. POLICE DEPT,BROOKLYN,61,INSIDE,PUBLIC SCHOOL,,,998517,161668,40.610414405,-73.948617224,(40.610414405: -73.948617224)
518135386,03/14/2016,00:00:00,03/14/2016,00:10:00,03/14/2016,358,OFFENSES INVOLVING FRAUD,705,FORGERY:ETC.-MISD.,COMPLETED,MISDEMEANOR,N.Y. POLICE DEPT,BROOKLYN,67,,STREET,,,1005182,181148,40.663869604,-73.924552055,(40.663869604: -73.924552055)
971140486,03/12/2016,21:50:00,03/12/2016,22:09:00,03/12/2016,358,OFFENSES INVOLVING FRAUD,705,FORGERY:ETC.-MISD.,COMPLETED,MISDEMEANOR,N.Y. POLICE DEPT,BROOKLYN,63,,STREET,,,1004684,163156,40.614486583,-73.926401581,(40.614486583: -73.926401581)
183999699,03/11/2016,18:00:00,03/11/2016,18:10:00,03/11/2016,358,OFFENSES INVOLVING FRAUD,705,FORGERY:ETC.-MISD.,COMPLETED,MISDEMEANOR,N.Y. POLICE DEPT,BROOKLYN,67,,STREET,,,1004778,171923,40.638549936,-73.926036348,(40.638549936: -73.926036348)
930928459,03/11/2016,11:30:00,03/11/2016,11:45:00,03/11/2016,358,OFFENSES INVOLVING FRAUD,705,FORGERY:ETC.-MISD.,COMPLETED,MISDEMEANOR,N.Y. POLICE DEPT,BROOKLYN,94,,STREET,,,997425,206947,40.734696776,-73.95246169,(40.734696776: -73.95246169)
917709871,03/11/2016,00:52:00,03/11/2016,00:59:00,03/11/2016,358,OFFENSES INVOLVING FRAUD,705,FORGERY:ETC.-MISD.,COMPLETED,MISDEMEANOR,N.Y. POLICE DEPT,BROOKLYN,60,FRONT OF,STREET,,,993658,148954,40.575523515,-73.966135163,(40.575523515: -73.966135163)
102153755,03/10/2016,21:55:00,03/10/2016,22:05:00,03/10/2016,358,OFFENSES INVOLVING FRAUD,705,FORGERY:ETC.-MISD.,COMPLETED,MISDEMEANOR,N.Y. POLICE DEPT,BROOKLYN,70,,STREET,,,993702,173978,40.644209214,-73.965941753,(40.644209214: -73.965941753)
584305882,03/10/2016,15:40:00,03/10/2016,15:44:00,03/10/2016,358,OFFENSES INVOLVING FRAUD,705,FORGERY:ETC.-MISD.,COMPLETED,MISDEMEANOR,N.Y. POLICE DEPT,BROOKLYN,63,,STREET,,,1005284,165729,40.621547529,-73.924232467,(40.621547529: -73.924232467)
999874380,03/08/2016,06:15:00,03/08/2016,06:19:00,03/08/2016,358,OFFENSES INVOLVING FRAUD,705,FORGERY:ETC.-MISD.,COMPLETED,MISDEMEANOR,N.Y. POLICE DEPT,BROOKLYN,73,,STREET,,,1008104,178652,40.657011247,-73.914028544,(40.657011247: -73.914028544)
892488726,03/07/2016,08:59:00,03/07/2016,09:10:00,03/07/2016,358,OFFENSES INVOLVING FRAUD,705,FORGERY:ETC.-MISD.,COMPLETED,MISDEMEANOR,N.Y. POLICE DEPT,BROOKLYN,75,FRONT OF,STREET,,,1014759,178903,40.657679758,-73.89004195,(40.657679758: -73.89004195)
426915547,03/06/2016,19:50:00,03/06/2016,20:05:00,03/06/2016,358,OFFENSES INVOLVING FRAUD,705,FORGERY:ETC.-MISD.,COMPLETED,MISDEMEANOR,N.Y. POLICE DEPT,BROOKLYN,63,,STREET,,,1004203,168995,40.630514513,-73.928116805,(40.630514513: -73.928116805)
583895440,03/05/2016,23:00:00,03/05/2016,23:10:00,03/06/2016,358,OFFENSES INVOLVING FRAUD,705,FORGERY:ETC.-MISD.,COMPLETED,MISDEMEANOR,N.Y. POLICE DEPT,BROOKLYN,70,FRONT OF,STREET,,,996040,169426,40.631712142,-73.957524871,(40.631712142: -73.957524871)
146110240,03/05/2016,19:30:00,03/05/2016,19:33:00,03/05/2016,358,OFFENSES INVOLVING FRAUD,705,FORGERY:ETC.-MISD.,COMPLETED,MISDEMEANOR,N.Y. POLICE DEPT,BROOKLYN,73,,STREET,,,1009849,178996,40.657950578,-73.907738036,(40.657950578: -73.907738036)
314134675,03/02/2016,11:30:00,03/02/2016,12:00:00,03/04/2016,358,OFFENSES INVOLVING FRAUD,705,FORGERY:ETC.-MISD.,COMPLETED,MISDEMEANOR,N.Y. POLICE DEPT,BROOKLYN,78,INSIDE,RESIDENCE - APT. HOUSE,,,989354,184406,40.67283536,-73.981601607,(40.67283536: -73.981601607)
284329629,03/03/2016,17:20:00,03/03/2016,17:45:00,03/03/2016,358,OFFENSES INVOLVING FRAUD,705,FORGERY:ETC.-MISD.,COMPLETED,MISDEMEANOR,N.Y. POLICE DEPT,BROOKLYN,67,,STREET,,,997495,175653,40.648801868,-73.952270629,(40.648801868: -73.952270629)
116889343,03/03/2016,06:45:00,03/03/2016,07:15:00,03/03/2016,358,OFFENSES INVOLVING FRAUD,705,FORGERY:ETC.-MISD.,COMPLETED,MISDEMEANOR,N.Y. POLICE DEPT,BROOKLYN,70,INSIDE,RESIDENCE - APT. HOUSE,,,996119,173925,40.644060832,-73.95723234,(40.644060832: -73.95723234)
456983261,03/01/2016,02:30:00,03/01/2016,02:45:00,03/01/2016,358,OFFENSES INVOLVING FRAUD,705,FORGERY:ETC.-MISD.,COMPLETED,MISDEMEANOR,N.Y. POLICE DEPT,BROOKLYN,63,,STREET,,,1006843,169577,40.63210564,-73.918603738,(40.63210564: -73.918603738)
160010132,02/28/2016,03:00:00,02/28/2016,03:32:00,02/28/2016,358,OFFENSES INVOLVING FRAUD,705,FORGERY:ETC.-MISD.,COMPLETED,MISDEMEANOR,N.Y. POLICE DEPT,BROOKLYN,60,,STREET,,,996458,149775,40.577773585,-73.956054433,(40.577773585: -73.956054433)
264966578,02/24/2016,14:10:00,02/24/2016,14:34:00,02/24/2016,358,OFFENSES INVOLVING FRAUD,705,FORGERY:ETC.-MISD.,COMPLETED,MISDEMEANOR,N.Y. POLICE DEPT,BROOKLYN,78,,STREET,,,988985,183101,40.669253631,-73.982932762,(40.669253631: -73.982932762)
829160678,02/23/2016,21:05:00,02/23/2016,21:15:00,02/23/2016,358,OFFENSES INVOLVING FRAUD,705,FORGERY:ETC.-MISD.,COMPLETED,MISDEMEANOR,N.Y. POLICE DEPT,BROOKLYN,61,,STREET,,,991682,156773,40.596986994,-73.973239634,(40.596986994: -73.973239634)
500770570,02/23/2016,17:30:00,02/23/2016,17:51:00,02/23/2016,358,OFFENSES INVOLVING FRAUD,705,FORGERY:ETC.-MISD.,COMPLETED,MISDEMEANOR,N.Y. POLICE DEPT,BROOKLYN,70,FRONT OF,STREET,,,995771,175895,40.649468516,-73.958482969,(40.649468516: -73.958482969)
691941036,02/20/2016,19:55:00,02/20/2016,19:59:00,02/20/2016,358,OFFENSES INVOLVING FRAUD,705,FORGERY:ETC.-MISD.,COMPLETED,MISDEMEANOR,N.Y. POLICE DEPT,BROOKLYN,73,,STREET,,,1010484,178488,40.656554372,-73.90545136,(40.656554372: -73.90545136)
192588084,02/18/2016,22:00:00,02/18/2016,22:09:00,02/18/2016,358,OFFENSES INVOLVING FRAUD,705,FORGERY:ETC.-MISD.,COMPLETED,MISDEMEANOR,N.Y. POLICE DEPT,BROOKLYN,78,FRONT OF,STREET,,,990712,188399,40.683794356,-73.976702211,(40.683794356: -73.976702211)
850129025,02/18/2016,10:50:00,02/18/2016,11:01:00,02/18/2016,358,OFFENSES INVOLVING FRAUD,705,FORGERY:ETC.-MISD.,COMPLETED,MISDEMEANOR,N.Y. POLICE DEPT,BROOKLYN,76,,STREET,,,987977,188618,40.684397035,-73.98656334,(40.684397035: -73.98656334)
222385823,02/17/2016,19:35:00,02/17/2016,19:50:00,02/17/2016,358,OFFENSES INVOLVING FRAUD,705,FORGERY:ETC.-MISD.,COMPLETED,MISDEMEANOR,N.Y. POLICE DEPT,BROOKLYN,63,,STREET,,,1005588,168500,40.629152615,-73.923128636,(40.629152615: -73.923128636)
748262937,02/16/2016,20:10:00,02/16/2016,20:15:00,02/16/2016,358,OFFENSES INVOLVING FRAUD,705,FORGERY:ETC.-MISD.,COMPLETED,MISDEMEANOR,N.Y. POLICE DEPT,BROOKLYN,60,,HIGHWAY/PARKWAY,,,987179,150032,40.57848692,-73.989457357,(40.57848692: -73.989457357)
711524003,02/16/2016,17:30:00,02/16/2016,17:39:00,02/16/2016,358,OFFENSES INVOLVING FRAUD,705,FORGERY:ETC.-MISD.,COMPLETED,MISDEMEANOR,N.Y. POLICE DEPT,BROOKLYN,75,,STREET,,,1013691,180293,40.661498616,-73.893885126,(40.661498616: -73.893885126)
128570700,02/13/2016,19:45:00,02/13/2016,19:50:00,02/13/2016,358,OFFENSES INVOLVING FRAUD,705,FORGERY:ETC.-MISD.,COMPLETED,MISDEMEANOR,N.Y. POLICE DEPT,BROOKLYN,73,,STREET,,,1009519,180676,40.662562754,-73.908921119,(40.662562754: -73.908921119)
651408580,02/09/2016,12:50:00,02/09/2016,12:58:00,02/09/2016,358,OFFENSES INVOLVING FRAUD,705,FORGERY:ETC.-MISD.,COMPLETED,MISDEMEANOR,N.Y. POLICE DEPT,BROOKLYN,68,,STREET,,,979951,168727,40.629800334,-74.015489273,(40.629800334: -74.015489273)
320593508,02/08/2016,15:20:00,02/08/2016,15:29:00,02/08/2016,358,OFFENSES INVOLVING FRAUD,705,FORGERY:ETC.-MISD.,COMPLETED,MISDEMEANOR,N.Y. POLICE DEPT,BROOKLYN,68,,STREET,,,983828,167339,40.6259916,-74.001521677,(40.6259916: -74.001521677)
748037777,02/06/2016,17:55:00,,,02/06/2016,358,OFFENSES INVOLVING FRAUD,705,FORGERY:ETC.-MISD.,COMPLETED,MISDEMEANOR,N.Y. POLICE DEPT,BROOKLYN,73,,STREET,,,1008740,180522,40.662142247,-73.911729528,(40.662142247: -73.911729528)
691315008,02/06/2016,09:40:00,02/06/2016,10:03:00,02/06/2016,358,OFFENSES INVOLVING FRAUD,705,FORGERY:ETC.-MISD.,COMPLETED,MISDEMEANOR,N.Y. POLICE DEPT,BROOKLYN,70,,STREET,,,993918,166897,40.624773138,-73.965173554,(40.624773138: -73.965173554)
926300428,02/05/2016,21:15:00,,,02/05/2016,358,OFFENSES INVOLVING FRAUD,705,FORGERY:ETC.-MISD.,COMPLETED,MISDEMEANOR,N.Y. POLICE DEPT,BROOKLYN,73,,STREET,,,1008850,179962,40.660604867,-73.911335086,(40.660604867: -73.911335086)
326202431,02/02/2016,17:05:00,,,02/02/2016,358,OFFENSES INVOLVING FRAUD,705,FORGERY:ETC.-MISD.,COMPLETED,MISDEMEANOR,N.Y. POLICE DEPT,BROOKLYN,63,FRONT OF,STREET,,,1000127,168162,40.628236346,-73.942803357,(40.628236346: -73.942803357)
765699192,01/29/2016,18:15:00,01/29/2016,18:40:00,01/29/2016,358,OFFENSES INVOLVING FRAUD,705,FORGERY:ETC.-MISD.,COMPLETED,MISDEMEANOR,N.Y. POLICE DEPT,BROOKLYN,70,,STREET,,,995572,174681,40.646136605,-73.959202147,(40.646136605: -73.959202147)
354392542,01/29/2016,15:00:00,01/29/2016,15:23:00,01/29/2016,358,OFFENSES INVOLVING FRAUD,705,FORGERY:ETC.-MISD.,COMPLETED,MISDEMEANOR,N.Y. POLICE DEPT,BROOKLYN,84,FRONT OF,STREET,,,988293,190698,40.69010602,-73.98542272,(40.69010602: -73.98542272)
581614459,01/28/2016,13:55:00,01/28/2016,14:00:00,01/28/2016,358,OFFENSES INVOLVING FRAUD,705,FORGERY:ETC.-MISD.,COMPLETED,MISDEMEANOR,N.Y. POLICE DEPT,BROOKLYN,84,INSIDE,JEWELRY,,,989096,190491,40.68953745,-73.982527317,(40.68953745: -73.982527317)
335110045,01/28/2016,13:15:00,01/28/2016,13:40:00,01/28/2016,358,OFFENSES INVOLVING FRAUD,705,FORGERY:ETC.-MISD.,COMPLETED,MISDEMEANOR,N.Y. POLICE DEPT,BROOKLYN,84,INSIDE,JEWELRY,,,989096,190491,40.68953745,-73.982527317,(40.68953745: -73.982527317)
174922047,01/28/2016,13:15:00,01/28/2016,13:40:00,01/28/2016,358,OFFENSES INVOLVING FRAUD,705,FORGERY:ETC.-MISD.,COMPLETED,MISDEMEANOR,N.Y. POLICE DEPT,BROOKLYN,84,INSIDE,JEWELRY,,,989096,190491,40.68953745,-73.982527317,(40.68953745: -73.982527317)
223733049,01/27/2016,23:50:00,01/28/2016,00:00:00,01/28/2016,358,OFFENSES INVOLVING FRAUD,705,FORGERY:ETC.-MISD.,COMPLETED,MISDEMEANOR,N.Y. POLICE DEPT,BROOKLYN,68,,STREET,,,983007,166305,40.623153409,-74.004479101,(40.623153409: -74.004479101)
339470574,01/27/2016,14:55:00,01/27/2016,15:00:00,01/27/2016,358,OFFENSES INVOLVING FRAUD,705,FORGERY:ETC.-MISD.,COMPLETED,MISDEMEANOR,N.Y. POLICE DEPT,BROOKLYN,63,,STREET,,,1004478,165662,40.621365505,-73.927136052,(40.621365505: -73.927136052)
298873176,01/27/2016,08:30:00,01/27/2016,09:29:00,01/27/2016,358,OFFENSES INVOLVING FRAUD,705,FORGERY:ETC.-MISD.,COMPLETED,MISDEMEANOR,N.Y. POLICE DEPT,BROOKLYN,70,,STREET,,,992613,170332,40.634202817,-73.969870415,(40.634202817: -73.969870415)
474329024,01/26/2016,20:50:00,01/26/2016,20:55:00,01/26/2016,358,OFFENSES INVOLVING FRAUD,705,FORGERY:ETC.-MISD.,COMPLETED,MISDEMEANOR,N.Y. POLICE DEPT,BROOKLYN,71,,STREET,,,1003836,181270,40.664207547,-73.929403356,(40.664207547: -73.929403356)
534800455,01/26/2016,11:15:00,01/26/2016,12:35:00,01/26/2016,358,OFFENSES INVOLVING FRAUD,705,FORGERY:ETC.-MISD.,COMPLETED,MISDEMEANOR,N.Y. POLICE DEPT,BROOKLYN,84,INSIDE,OTHER,,,987801,192258,40.694388072,-73.987196009,(40.694388072: -73.987196009)
938280431,01/20/2016,14:50:00,01/20/2016,14:59:00,01/20/2016,358,OFFENSES INVOLVING FRAUD,705,FORGERY:ETC.-MISD.,COMPLETED,MISDEMEANOR,N.Y. POLICE DEPT,BROOKLYN,63,,STREET,,,1006544,166640,40.624044953,-73.919690671,(40.624044953: -73.919690671)
421076733,01/19/2016,13:35:00,01/19/2016,13:40:00,01/19/2016,358,OFFENSES INVOLVING FRAUD,705,FORGERY:ETC.-MISD.,COMPLETED,MISDEMEANOR,N.Y. POLICE DEPT,BROOKLYN,60,FRONT OF,STREET,,,990824,149705,40.577587416,-73.976336071,(40.577587416: -73.976336071)
348280315,01/12/2016,14:05:00,01/12/2016,14:10:00,01/12/2016,358,OFFENSES INVOLVING FRAUD,705,FORGERY:ETC.-MISD.,COMPLETED,MISDEMEANOR,N.Y. POLICE DEPT,BROOKLYN,71,INSIDE,CHECK CASHING BUSINESS,,,997847,181300,40.664301112,-73.950990747,(40.664301112: -73.950990747)
974454579,01/11/2016,16:02:00,01/11/2016,16:05:00,01/11/2016,358,OFFENSES INVOLVING FRAUD,705,FORGERY:ETC.-MISD.,COMPLETED,MISDEMEANOR,N.Y. POLICE DEPT,BROOKLYN,66,,STREET,,,985611,174612,40.645954346,-73.995097037,(40.645954346: -73.995097037)
444802733,01/08/2016,23:15:00,01/08/2016,23:30:00,01/09/2016,358,OFFENSES INVOLVING FRAUD,705,FORGERY:ETC.-MISD.,COMPLETED,MISDEMEANOR,N.Y. POLICE DEPT,BROOKLYN,67,,STREET,,,1005548,175588,40.648607752,-73.923250368,(40.648607752: -73.923250368)
483358183,01/07/2016,21:30:00,01/07/2016,22:01:00,01/07/2016,358,OFFENSES INVOLVING FRAUD,705,FORGERY:ETC.-MISD.,COMPLETED,MISDEMEANOR,N.Y. POLICE DEPT,BROOKLYN,78,,STREET,,,990502,188496,40.68406075,-73.977459292,(40.68406075: -73.977459292)
563957539,01/06/2016,03:00:00,01/06/2016,03:20:00,01/06/2016,358,OFFENSES INVOLVING FRAUD,705,FORGERY:ETC.-MISD.,COMPLETED,MISDEMEANOR,N.Y. POLICE DEPT,BROOKLYN,69,,STREET,,,1011359,174331,40.64514168,-73.902314478,(40.64514168: -73.902314478)
610928481,01/03/2016,16:05:00,01/03/2016,16:10:00,01/03/2016,358,OFFENSES INVOLVING FRAUD,705,FORGERY:ETC.-MISD.,COMPLETED,MISDEMEANOR,N.Y. POLICE DEPT,BROOKLYN,73,,STREET,,,1005713,182792,40.668380747,-73.922632833,(40.668380747: -73.922632833)
373733890,01/02/2016,22:35:00,,,01/02/2016,358,OFFENSES INVOLVING FRAUD,705,FORGERY:ETC.-MISD.,COMPLETED,MISDEMEANOR,N.Y. POLICE DEPT,BROOKLYN,62,,STREET,,,979187,159370,40.604116901,-74.018234687,(40.604116901: -74.018234687)
